Timestamp,Lat,Lon,Angle,Distance
2025-03-30 12:48:58,423652165,-711365944,325.78,15.53
2025-03-30 12:48:58,423652156,-711365939,326.04,15.88
2025-03-30 12:48:59,423652150,-711365932,325.92,16.16
2025-03-30 12:49:00,423652144,-711365927,325.96,16.42
2025-03-30 12:49:01,423652138,-711365922,326.0,16.68
2025-03-30 12:49:02,423652132,-711365916,325.96,16.95
2025-03-30 12:49:03,423652128,-711365910,325.78,17.16
2025-03-30 12:49:04,423652123,-711365904,325.68,17.4
2025-03-30 12:49:05,423652121,-711365897,325.31,17.57
2025-03-30 12:49:06,423652121,-711365891,324.88,17.66
2025-03-30 12:49:07,423652121,-711365886,324.52,17.74
2025-03-30 12:49:08,423652121,-711365880,324.1,17.83
2025-03-30 12:49:09,423652120,-711365874,323.75,17.96
2025-03-30 12:49:10,423652120,-711365868,323.33,18.06
2025-03-30 12:49:11,423652119,-711365864,323.13,18.15
2025-03-30 12:49:12,423652119,-711365859,322.79,18.23
2025-03-30 12:49:13,423652119,-711365855,322.52,18.3
2025-03-30 12:49:14,423652119,-711365851,322.26,18.36
2025-03-30 12:49:15,423652119,-711365849,322.12,18.39
2025-03-30 12:49:16,423652119,-711365847,321.99,18.43
2025-03-30 12:49:17,423652120,-711365846,321.85,18.42
2025-03-30 12:49:18,423652120,-711365844,321.72,18.45
2025-03-30 12:49:19,423652121,-711365843,321.59,18.44
2025-03-30 12:49:20,423652122,-711365841,321.38,18.44
2025-03-30 12:49:21,423652124,-711365839,321.11,18.42
2025-03-30 12:49:22,423652126,-711365839,320.97,18.36
2025-03-30 12:49:23,423652128,-711365839,320.83,18.31
2025-03-30 12:49:24,423652130,-711365839,320.68,18.25
2025-03-30 12:49:25,423652132,-711365839,320.54,18.19
2025-03-30 12:49:26,423652134,-711365838,320.32,18.15
2025-03-30 12:49:27,423652135,-711365837,320.18,18.14
2025-03-30 12:49:28,423652137,-711365836,319.97,18.1
2025-03-30 12:49:29,423652139,-711365835,319.76,18.07
2025-03-30 12:49:30,423652143,-711365834,319.39,17.97
2025-03-30 12:49:31,423652145,-711365833,319.17,17.93
2025-03-30 12:49:32,423652147,-711365831,318.89,17.92
2025-03-30 12:49:33,423652149,-711365830,318.67,17.88
2025-03-30 12:49:34,423652151,-711365831,318.58,17.81
2025-03-30 12:49:35,423652154,-711365831,318.35,17.72
2025-03-30 12:49:36,423652156,-711365831,318.19,17.67
2025-03-30 12:49:37,423652158,-711365832,318.1,17.6
2025-03-30 12:49:38,423652160,-711365831,317.87,17.56
2025-03-30 12:49:39,423652162,-711365831,317.71,17.51
2025-03-30 12:49:40,423652164,-711365830,317.49,17.47
2025-03-30 12:49:41,423652167,-711365831,317.31,17.37
2025-03-30 12:49:42,423652170,-711365831,317.06,17.29
2025-03-30 12:49:43,423652172,-711365832,316.96,17.22
2025-03-30 12:49:44,423652175,-711365834,316.84,17.1
2025-03-30 12:49:45,423652178,-711365835,316.66,17.0
2025-03-30 12:49:46,423652180,-711365836,316.55,16.93
2025-03-30 12:49:47,423652182,-711365836,316.38,16.88
2025-03-30 12:49:48,423652185,-711365837,316.19,16.78
2025-03-30 12:49:49,423652187,-711365837,316.02,16.73
2025-03-30 12:49:50,423652190,-711365837,315.76,16.65
2025-03-30 12:49:51,423652192,-711365837,315.58,16.6
2025-03-30 12:49:52,423652195,-711365838,315.38,16.5
2025-03-30 12:49:53,423652197,-711365838,315.21,16.45
2025-03-30 12:49:54,423652199,-711365837,314.96,16.42
2025-03-30 12:49:55,423652201,-711365837,314.78,16.37
2025-03-30 12:49:56,423652205,-711365838,314.48,16.24
2025-03-30 12:49:57,423652208,-711365840,314.34,16.13
2025-03-30 12:49:58,423652212,-711365841,314.03,16.01
2025-03-30 12:49:59,423652214,-711365843,313.98,15.92
2025-03-30 12:50:00,423652217,-711365844,313.76,15.82
2025-03-30 12:50:01,423652220,-711365846,313.61,15.71
2025-03-30 12:50:02,423652223,-711365848,313.45,15.59
2025-03-30 12:50:03,423652224,-711365849,313.42,15.55
2025-03-30 12:50:04,423652226,-711365849,313.23,15.5
2025-03-30 12:50:05,423652228,-711365850,313.1,15.43
2025-03-30 12:50:06,423652230,-711365850,312.9,15.38
2025-03-30 12:50:07,423652233,-711365851,312.67,15.29
2025-03-30 12:50:08,423652235,-711365852,312.54,15.22
2025-03-30 12:50:09,423652237,-711365852,312.33,15.17
2025-03-30 12:50:10,423652239,-711365852,312.13,15.12
2025-03-30 12:50:11,423652240,-711365852,312.03,15.09
2025-03-30 12:50:12,423652241,-711365852,311.92,15.07
2025-03-30 12:50:13,423652241,-711365853,311.99,15.05
2025-03-30 12:50:14,423652242,-711365854,311.96,15.01
2025-03-30 12:50:15,423652242,-711365855,312.02,14.99
2025-03-30 12:50:16,423652242,-711365856,312.09,14.97
2025-03-30 12:50:17,423652242,-711365857,312.16,14.95
2025-03-30 12:50:18,423652243,-711365858,312.13,14.9
2025-03-30 12:50:19,423652243,-711365859,312.2,14.88
2025-03-30 12:50:20,423652243,-711365859,312.2,14.88
2025-03-30 12:50:21,423652244,-711365861,312.23,14.82
2025-03-30 12:50:22,423652244,-711365862,312.3,14.8
2025-03-30 12:50:23,423652245,-711365864,312.34,14.73
2025-03-30 12:50:24,423652245,-711365865,312.41,14.71
2025-03-30 12:50:25,423652245,-711365866,312.48,14.69
2025-03-30 12:50:26,423652245,-711365867,312.55,14.67
2025-03-30 12:50:27,423652245,-711365867,312.55,14.67
2025-03-30 12:50:28,423652244,-711365867,312.66,14.7
2025-03-30 12:50:29,423652243,-711365867,312.76,14.72
2025-03-30 12:50:30,423652243,-711365868,312.83,14.7
2025-03-30 12:50:31,423652243,-711365869,312.91,14.68
2025-03-30 12:50:32,423652243,-711365869,312.91,14.68
2025-03-30 12:50:33,423652241,-711365870,313.18,14.71
2025-03-30 12:50:34,423652240,-711365870,313.29,14.74
2025-03-30 12:50:35,423652238,-711365869,313.42,14.81
2025-03-30 12:50:36,423652236,-711365867,313.48,14.9
2025-03-30 12:50:37,423652234,-711365866,313.62,14.97
2025-03-30 12:50:38,423652233,-711365864,313.57,15.03
2025-03-30 12:50:39,423652231,-711365862,313.63,15.12
2025-03-30 12:50:40,423652231,-711365860,313.49,15.16
2025-03-30 12:50:41,423652231,-711365858,313.35,15.2
2025-03-30 12:50:42,423652231,-711365857,313.28,15.22
2025-03-30 12:50:43,423652230,-711365856,313.31,15.26
2025-03-30 12:50:44,423652231,-711365855,313.14,15.26
2025-03-30 12:50:45,423652230,-711365854,313.18,15.3
2025-03-30 12:50:46,423652230,-711365852,313.04,15.34
2025-03-30 12:50:47,423652231,-711365852,312.94,15.32
2025-03-30 12:50:48,423652233,-711365851,312.67,15.29
2025-03-30 12:50:49,423652236,-711365851,312.37,15.21
2025-03-30 12:50:50,423652237,-711365851,312.26,15.19
2025-03-30 12:50:51,423652237,-711365850,312.2,15.21
2025-03-30 12:50:52,423652239,-711365850,311.99,15.16
2025-03-30 12:50:53,423652241,-711365850,311.79,15.11
2025-03-30 12:50:54,423652242,-711365850,311.68,15.09
2025-03-30 12:50:55,423652243,-711365850,311.58,15.06
2025-03-30 12:50:56,423652244,-711365851,311.54,15.02
2025-03-30 12:50:57,423652245,-711365851,311.44,14.99
2025-03-30 12:50:58,423652246,-711365852,311.4,14.95
2025-03-30 12:50:59,423652246,-711365853,311.47,14.93
2025-03-30 12:51:00,423652247,-711365853,311.37,14.9
2025-03-30 12:51:01,423652249,-711365854,311.22,14.84
2025-03-30 12:51:02,423652249,-711365855,311.29,14.82
2025-03-30 12:51:03,423652249,-711365856,311.36,14.8
2025-03-30 12:51:04,423652249,-711365857,311.43,14.78
2025-03-30 12:51:05,423652249,-711365858,311.5,14.76
2025-03-30 12:51:06,423652248,-711365860,311.74,14.74
2025-03-30 12:51:07,423652247,-711365862,311.99,14.72
2025-03-30 12:51:08,423652247,-711365863,312.06,14.7
2025-03-30 12:51:09,423652246,-711365864,312.24,14.71
2025-03-30 12:51:10,423652247,-711365865,312.2,14.66
2025-03-30 12:51:11,423652248,-711365866,312.17,14.62
2025-03-30 12:51:12,423652248,-711365867,312.24,14.6
2025-03-30 12:51:13,423652248,-711365867,312.24,14.6
2025-03-30 12:51:14,423652247,-711365867,312.34,14.62
2025-03-30 12:51:15,423652245,-711365868,312.62,14.65
2025-03-30 12:51:16,423652244,-711365869,312.8,14.66
2025-03-30 12:51:17,423652241,-711365871,313.26,14.69
2025-03-30 12:51:18,423652240,-711365872,313.43,14.7
2025-03-30 12:51:19,423652238,-711365871,313.57,14.77
2025-03-30 12:51:20,423652237,-711365871,313.67,14.79
2025-03-30 12:51:21,423652236,-711365872,313.84,14.8
2025-03-30 12:51:22,423652234,-711365872,314.05,14.85
2025-03-30 12:51:23,423652232,-711365872,314.25,14.9
2025-03-30 12:51:24,423652230,-711365872,314.45,14.95
2025-03-30 12:51:25,423652228,-711365870,314.5,15.04
2025-03-30 12:51:26,423652226,-711365869,314.63,15.11
2025-03-30 12:51:27,423652224,-711365869,314.82,15.16
2025-03-30 12:51:28,423652222,-711365869,315.02,15.21
2025-03-30 12:51:29,423652220,-711365869,315.21,15.27
2025-03-30 12:51:30,423652218,-711365869,315.4,15.32
2025-03-30 12:51:31,423652216,-711365870,315.67,15.35
2025-03-30 12:51:32,423652214,-711365872,316.0,15.37
2025-03-30 12:51:33,423652212,-711365874,316.33,15.38
2025-03-30 12:51:34,423652208,-711365875,316.78,15.47
2025-03-30 12:51:35,423652203,-711365877,317.38,15.57
2025-03-30 12:51:36,423652198,-711365879,317.98,15.66
2025-03-30 12:51:37,423652193,-711365882,318.64,15.75
2025-03-30 12:51:38,423652189,-711365882,318.99,15.86
2025-03-30 12:51:39,423652185,-711365882,319.34,15.97
2025-03-30 12:51:40,423652181,-711365882,319.67,16.08
2025-03-30 12:51:41,423652177,-711365882,320.01,16.19
2025-03-30 12:51:42,423652174,-711365881,320.18,16.29
2025-03-30 12:51:43,423652170,-711365882,320.58,16.39
2025-03-30 12:51:44,423652166,-711365882,320.9,16.5
2025-03-30 12:51:45,423652162,-711365882,321.22,16.61
2025-03-30 12:51:46,423652158,-711365882,321.54,16.73
2025-03-30 12:51:47,423652155,-711365882,321.77,16.81
2025-03-30 12:51:48,423652151,-711365884,322.22,16.89
2025-03-30 12:51:49,423652147,-711365884,322.52,17.01
2025-03-30 12:51:50,423652143,-711365885,322.89,17.11
2025-03-30 12:51:51,423652140,-711365887,323.25,17.16
2025-03-30 12:51:52,423652137,-711365889,323.61,17.22
2025-03-30 12:51:53,423652135,-711365892,323.97,17.23
2025-03-30 12:51:54,423652132,-711365895,324.4,17.27
2025-03-30 12:51:55,423652131,-711365899,324.77,17.24
2025-03-30 12:51:56,423652130,-711365902,325.06,17.22
2025-03-30 12:51:57,423652130,-711365905,325.28,17.18
2025-03-30 12:51:58,423652130,-711365907,325.42,17.15
2025-03-30 12:51:59,423652128,-711365909,325.71,17.18
2025-03-30 12:52:00,423652127,-711365911,325.93,17.18
2025-03-30 12:52:01,423652126,-711365912,326.07,17.19
2025-03-30 12:52:02,423652124,-711365913,326.28,17.24
2025-03-30 12:52:03,423652122,-711365914,326.49,17.28
2025-03-30 12:52:04,423652120,-711365914,326.62,17.34
2025-03-30 12:52:05,423652118,-711365915,326.83,17.39
2025-03-30 12:52:06,423652115,-711365914,326.95,17.5
2025-03-30 12:52:07,423652113,-711365914,327.08,17.56
2025-03-30 12:52:08,423652111,-711365912,327.06,17.65
2025-03-30 12:52:09,423652110,-711365912,327.13,17.68
2025-03-30 12:52:10,423652109,-711365911,327.12,17.72
2025-03-30 12:52:11,423652108,-711365910,327.11,17.77
2025-03-30 12:52:12,423652106,-711365910,327.24,17.83
2025-03-30 12:52:13,423652104,-711365910,327.36,17.89
2025-03-30 12:52:14,423652102,-711365911,327.56,17.94
2025-03-30 12:52:15,423652100,-711365913,327.83,17.97
2025-03-30 12:52:16,423652099,-711365914,327.96,17.99
2025-03-30 12:52:17,423652099,-711365915,328.04,17.97
2025-03-30 12:52:18,423652098,-711365916,328.17,17.99
2025-03-30 12:52:19,423652098,-711365917,328.24,17.98
2025-03-30 12:52:20,423652098,-711365916,328.17,17.99
2025-03-30 12:52:21,423652099,-711365915,328.04,17.97
2025-03-30 12:52:22,423652101,-711365913,327.77,17.94
2025-03-30 12:52:23,423652101,-711365912,327.69,17.96
2025-03-30 12:52:24,423652102,-711365909,327.41,17.97
2025-03-30 12:52:25,423652103,-711365907,327.21,17.97
2025-03-30 12:52:26,423652102,-711365905,327.13,18.03
2025-03-30 12:52:27,423652102,-711365903,326.98,18.06
2025-03-30 12:52:28,423652101,-711365900,326.83,18.13
2025-03-30 12:52:29,423652101,-711365899,326.76,18.15
2025-03-30 12:52:30,423652101,-711365897,326.62,18.17
2025-03-30 12:52:31,423652100,-711365895,326.54,18.23
2025-03-30 12:52:32,423652099,-711365893,326.46,18.3
2025-03-30 12:52:33,423652100,-711365891,326.26,18.29
2025-03-30 12:52:34,423652100,-711365889,326.12,18.32
2025-03-30 12:52:35,423652099,-711365886,325.97,18.4
2025-03-30 12:52:36,423652098,-711365885,325.97,18.45
2025-03-30 12:52:37,423652097,-711365884,325.96,18.49
2025-03-30 12:52:38,423652096,-711365884,326.02,18.52
2025-03-30 12:52:39,423652094,-711365883,326.08,18.6
2025-03-30 12:52:40,423652092,-711365882,326.14,18.67
2025-03-30 12:52:41,423652090,-711365880,326.12,18.76
2025-03-30 12:52:42,423652091,-711365878,325.92,18.76
2025-03-30 12:52:43,423652092,-711365876,325.73,18.76
2025-03-30 12:52:44,423652092,-711365873,325.52,18.81
2025-03-30 12:52:45,423652093,-711365870,325.26,18.82
2025-03-30 12:52:46,423652093,-711365868,325.12,18.85
2025-03-30 12:52:47,423652093,-711365866,324.99,18.89
2025-03-30 12:52:48,423652093,-711365865,324.92,18.9
2025-03-30 12:52:49,423652093,-711365863,324.79,18.93
2025-03-30 12:52:50,423652093,-711365862,324.72,18.95
2025-03-30 12:52:51,423652093,-711365861,324.65,18.96
2025-03-30 12:52:52,423652093,-711365860,324.59,18.98
2025-03-30 12:52:53,423652092,-711365859,324.59,19.02
2025-03-30 12:52:54,423652090,-711365858,324.65,19.1
2025-03-30 12:52:55,423652089,-711365858,324.71,19.13
2025-03-30 12:52:56,423652088,-711365857,324.71,19.17
2025-03-30 12:52:57,423652088,-711365856,324.64,19.19
2025-03-30 12:52:58,423652089,-711365856,324.58,19.16
2025-03-30 12:52:59,423652090,-711365855,324.45,19.15
2025-03-30 12:53:00,423652091,-711365853,324.25,19.15
2025-03-30 12:53:01,423652092,-711365852,324.12,19.13
2025-03-30 12:53:02,423652093,-711365851,324.0,19.12
2025-03-30 12:53:03,423652093,-711365850,323.93,19.14
2025-03-30 12:53:04,423652094,-711365848,323.74,19.14
2025-03-30 12:53:05,423652094,-711365847,323.67,19.15
2025-03-30 12:53:06,423652095,-711365845,323.48,19.16
2025-03-30 12:53:07,423652096,-711365844,323.35,19.14
2025-03-30 12:53:08,423652097,-711365843,323.22,19.13
2025-03-30 12:53:09,423652099,-711365842,323.02,19.09
2025-03-30 12:53:10,423652100,-711365842,322.95,19.06
2025-03-30 12:53:11,423652101,-711365841,322.82,19.05
2025-03-30 12:53:12,423652101,-711365841,322.82,19.05
2025-03-30 12:53:13,423652102,-711365842,322.82,19.0
2025-03-30 12:53:14,423652103,-711365842,322.75,18.97
2025-03-30 12:53:15,423652106,-711365842,322.55,18.89
2025-03-30 12:53:16,423652108,-711365843,322.48,18.81
2025-03-30 12:53:17,423652111,-711365844,322.35,18.71
2025-03-30 12:53:18,423652114,-711365845,322.21,18.61
2025-03-30 12:53:19,423652117,-711365847,322.13,18.49
2025-03-30 12:53:20,423652119,-711365849,322.12,18.39
2025-03-30 12:53:21,423652121,-711365851,322.12,18.3
2025-03-30 12:53:22,423652123,-711365851,321.97,18.25
2025-03-30 12:53:23,423652128,-711365853,321.75,18.07
2025-03-30 12:53:24,423652132,-711365855,321.6,17.92
2025-03-30 12:53:25,423652135,-711365856,321.45,17.82
2025-03-30 12:53:26,423652138,-711365857,321.3,17.72
2025-03-30 12:53:27,423652141,-711365858,321.14,17.62
2025-03-30 12:53:28,423652144,-711365860,321.06,17.5
2025-03-30 12:53:29,423652147,-711365862,320.97,17.38
2025-03-30 12:53:30,423652149,-711365863,320.88,17.3
2025-03-30 12:53:31,423652150,-711365865,320.95,17.24
2025-03-30 12:53:32,423652151,-711365866,320.94,17.2
2025-03-30 12:53:33,423652153,-711365867,320.86,17.12
2025-03-30 12:53:34,423652154,-711365867,320.78,17.09
2025-03-30 12:53:35,423652156,-711365867,320.62,17.04
2025-03-30 12:53:36,423652157,-711365867,320.55,17.01
2025-03-30 12:53:37,423652159,-711365867,320.39,16.95
2025-03-30 12:53:38,423652159,-711365867,320.39,16.95
2025-03-30 12:53:39,423652159,-711365865,320.25,16.99
2025-03-30 12:53:40,423652160,-711365862,319.96,17.01
2025-03-30 12:53:41,423652161,-711365860,319.74,17.02
2025-03-30 12:53:42,423652163,-711365860,319.58,16.96
2025-03-30 12:53:43,423652165,-711365858,319.28,16.94
2025-03-30 12:53:44,423652167,-711365857,319.05,16.9
2025-03-30 12:53:45,423652170,-711365856,318.74,16.84
2025-03-30 12:53:46,423652172,-711365856,318.58,16.79
2025-03-30 12:53:47,423652174,-711365855,318.34,16.75
2025-03-30 12:53:48,423652175,-711365853,318.12,16.76
2025-03-30 12:53:49,423652176,-711365852,317.97,16.75
2025-03-30 12:53:50,423652176,-711365852,317.97,16.75
2025-03-30 12:53:51,423652176,-711365852,317.97,16.75
2025-03-30 12:53:52,423652176,-711365851,317.9,16.77
2025-03-30 12:53:53,423652175,-711365850,317.92,16.81
2025-03-30 12:53:54,423652174,-711365850,318.0,16.84
2025-03-30 12:53:55,423652173,-711365849,318.01,16.88
2025-03-30 12:53:56,423652171,-711365849,318.18,16.94
2025-03-30 12:53:57,423652171,-711365848,318.11,16.96
2025-03-30 12:53:58,423652171,-711365847,318.04,16.97
2025-03-30 12:53:59,423652170,-711365847,318.13,17.0
2025-03-30 12:54:00,423652169,-711365845,318.07,17.06
2025-03-30 12:54:01,423652169,-711365844,318.01,17.08
2025-03-30 12:54:02,423652168,-711365842,317.95,17.15
2025-03-30 12:54:03,423652166,-711365841,318.05,17.22
2025-03-30 12:54:04,423652166,-711365839,317.92,17.25
2025-03-30 12:54:05,423652164,-711365837,317.95,17.34
2025-03-30 12:54:06,423652163,-711365835,317.89,17.41
2025-03-30 12:54:07,423652162,-711365833,317.84,17.47
2025-03-30 12:54:08,423652161,-711365832,317.86,17.52
2025-03-30 12:54:09,423652160,-711365830,317.81,17.58
2025-03-30 12:54:10,423652159,-711365829,317.82,17.62
2025-03-30 12:54:11,423652157,-711365827,317.85,17.71
2025-03-30 12:54:12,423652156,-711365825,317.8,17.78
2025-03-30 12:54:13,423652155,-711365823,317.75,17.84
2025-03-30 12:54:14,423652154,-711365823,317.83,17.87
2025-03-30 12:54:15,423652153,-711365821,317.78,17.93
2025-03-30 12:54:16,423652152,-711365820,317.8,17.98
2025-03-30 12:54:17,423652150,-711365819,317.89,18.05
2025-03-30 12:54:18,423652148,-711365818,317.98,18.12
2025-03-30 12:54:19,423652146,-711365817,318.07,18.19
2025-03-30 12:54:20,423652144,-711365816,318.16,18.26
2025-03-30 12:54:21,423652144,-711365814,318.03,18.3
2025-03-30 12:54:22,423652143,-711365813,318.05,18.35
2025-03-30 12:54:23,423652142,-711365813,318.12,18.37
2025-03-30 12:54:24,423652142,-711365812,318.06,18.39
2025-03-30 12:54:25,423652141,-711365812,318.14,18.42
2025-03-30 12:54:26,423652141,-711365812,318.14,18.42
2025-03-30 12:54:27,423652141,-711365813,318.2,18.4
2025-03-30 12:54:28,423652141,-711365815,318.33,18.36
2025-03-30 12:54:29,423652140,-711365817,318.53,18.36
2025-03-30 12:54:30,423652140,-711365820,318.72,18.3
2025-03-30 12:54:31,423652140,-711365824,318.97,18.23
2025-03-30 12:54:32,423652140,-711365827,319.16,18.18
2025-03-30 12:54:33,423652140,-711365829,319.29,18.14
2025-03-30 12:54:34,423652139,-711365831,319.5,18.14
2025-03-30 12:54:35,423652138,-711365834,319.77,18.11
2025-03-30 12:54:36,423652136,-711365837,320.11,18.12
2025-03-30 12:54:37,423652135,-711365839,320.32,18.11
2025-03-30 12:54:38,423652132,-711365842,320.73,18.14
2025-03-30 12:54:39,423652130,-711365845,321.08,18.15
2025-03-30 12:54:40,423652128,-711365847,321.35,18.17
2025-03-30 12:54:41,423652126,-711365850,321.7,18.18
2025-03-30 12:54:42,423652124,-711365852,321.97,18.2
2025-03-30 12:54:43,423652121,-711365855,322.38,18.24
2025-03-30 12:54:44,423652118,-711365857,322.73,18.29
2025-03-30 12:54:45,423652116,-711365859,323.0,18.32
2025-03-30 12:54:46,423652113,-711365861,323.34,18.37
2025-03-30 12:54:47,423652110,-711365862,323.61,18.45
2025-03-30 12:54:48,423652107,-711365864,323.94,18.5
2025-03-30 12:54:49,423652104,-711365866,324.28,18.56
2025-03-30 12:54:50,423652103,-711365867,324.41,18.57
2025-03-30 12:54:51,423652101,-711365868,324.61,18.62
2025-03-30 12:54:52,423652100,-711365869,324.74,18.63
2025-03-30 12:54:53,423652099,-711365870,324.87,18.64
2025-03-30 12:54:54,423652098,-711365871,325.01,18.66
2025-03-30 12:54:55,423652097,-711365872,325.14,18.67
2025-03-30 12:54:56,423652096,-711365873,325.27,18.69
2025-03-30 12:54:57,423652097,-711365874,325.27,18.64
2025-03-30 12:54:58,423652096,-711365875,325.41,18.66
2025-03-30 12:54:59,423652097,-711365875,325.34,18.63
2025-03-30 12:55:00,423652098,-711365875,325.28,18.6
2025-03-30 12:55:01,423652099,-711365875,325.21,18.57
2025-03-30 12:55:02,423652100,-711365875,325.15,18.54
2025-03-30 12:55:03,423652102,-711365874,324.95,18.49
2025-03-30 12:55:04,423652105,-711365874,324.76,18.4
2025-03-30 12:55:05,423652107,-711365873,324.56,18.36
2025-03-30 12:55:06,423652109,-711365871,324.29,18.33
2025-03-30 12:55:07,423652110,-711365870,324.15,18.32
2025-03-30 12:55:08,423652113,-711365869,323.88,18.25
2025-03-30 12:55:09,423652114,-711365868,323.75,18.23
2025-03-30 12:55:10,423652116,-711365866,323.47,18.2
2025-03-30 12:55:11,423652118,-711365865,323.27,18.16
2025-03-30 12:55:12,423652120,-711365865,323.13,18.1
2025-03-30 12:55:13,423652123,-711365865,322.92,18.02
2025-03-30 12:55:14,423652125,-711365864,322.71,17.97
2025-03-30 12:55:15,423652127,-711365864,322.57,17.92
2025-03-30 12:55:16,423652130,-711365864,322.36,17.83
2025-03-30 12:55:17,423652132,-711365864,322.21,17.77
2025-03-30 12:55:18,423652134,-711365864,322.07,17.71
2025-03-30 12:55:19,423652138,-711365863,321.71,17.62
2025-03-30 12:55:20,423652141,-711365863,321.49,17.53
2025-03-30 12:55:21,423652143,-711365864,321.41,17.46
2025-03-30 12:55:22,423652146,-711365865,321.25,17.35
2025-03-30 12:55:23,423652148,-711365866,321.17,17.28
2025-03-30 12:55:24,423652150,-711365867,321.09,17.21
2025-03-30 12:55:25,423652152,-711365868,321.0,17.13
2025-03-30 12:55:26,423652154,-711365869,320.92,17.06
2025-03-30 12:55:27,423652156,-711365871,320.9,16.97
2025-03-30 12:55:28,423652157,-711365873,320.97,16.91
2025-03-30 12:55:29,423652158,-711365875,321.03,16.84
2025-03-30 12:55:30,423652159,-711365879,321.24,16.75
2025-03-30 12:55:31,423652159,-711365882,321.46,16.7
2025-03-30 12:55:32,423652161,-711365883,321.37,16.62
2025-03-30 12:55:33,423652163,-711365884,321.29,16.55
2025-03-30 12:55:34,423652164,-711365886,321.36,16.49
2025-03-30 12:55:35,423652165,-711365888,321.42,16.43
2025-03-30 12:55:36,423652167,-711365890,321.41,16.34
2025-03-30 12:55:37,423652169,-711365893,321.47,16.23
2025-03-30 12:55:38,423652171,-711365896,321.54,16.12
2025-03-30 12:55:39,423652174,-711365899,321.52,15.98
2025-03-30 12:55:40,423652176,-711365902,321.58,15.88
2025-03-30 12:55:41,423652179,-711365903,321.41,15.77
2025-03-30 12:55:42,423652181,-711365905,321.4,15.68
2025-03-30 12:55:43,423652182,-711365907,321.47,15.62
2025-03-30 12:55:44,423652183,-711365908,321.47,15.58
2025-03-30 12:55:45,423652184,-711365908,321.38,15.55
2025-03-30 12:55:46,423652185,-711365908,321.3,15.52
2025-03-30 12:55:47,423652186,-711365908,321.21,15.49
2025-03-30 12:55:48,423652186,-711365907,321.14,15.51
2025-03-30 12:55:49,423652186,-711365907,321.14,15.51
2025-03-30 12:55:50,423652186,-711365906,321.06,15.52
2025-03-30 12:55:51,423652187,-711365906,320.97,15.5
2025-03-30 12:55:52,423652188,-711365905,320.81,15.49
2025-03-30 12:55:53,423652188,-711365904,320.74,15.5
2025-03-30 12:55:54,423652188,-711365903,320.66,15.52
2025-03-30 12:55:55,423652188,-711365903,320.66,15.52
2025-03-30 12:55:56,423652189,-711365902,320.5,15.51
2025-03-30 12:55:57,423652189,-711365901,320.42,15.53
2025-03-30 12:55:58,423652189,-711365899,320.27,15.56
2025-03-30 12:55:59,423652190,-711365898,320.1,15.55
2025-03-30 12:56:00,423652190,-711365898,320.1,15.55
2025-03-30 12:56:01,423652191,-711365898,320.02,15.52
2025-03-30 12:56:02,423652192,-711365898,319.93,15.49
2025-03-30 12:56:03,423652193,-711365897,319.77,15.48
2025-03-30 12:56:04,423652194,-711365897,319.68,15.45
2025-03-30 12:56:05,423652195,-711365896,319.52,15.44
2025-03-30 12:56:06,423652196,-711365895,319.35,15.43
2025-03-30 12:56:07,423652197,-711365894,319.19,15.42
2025-03-30 12:56:08,423652198,-711365894,319.1,15.4
2025-03-30 12:56:09,423652200,-711365893,318.84,15.36
2025-03-30 12:56:10,423652201,-711365892,318.68,15.35
2025-03-30 12:56:11,423652202,-711365891,318.51,15.34
2025-03-30 12:56:12,423652203,-711365891,318.42,15.31
2025-03-30 12:56:13,423652204,-711365891,318.33,15.29
2025-03-30 12:56:14,423652206,-711365891,318.15,15.23
2025-03-30 12:56:15,423652208,-711365892,318.04,15.16
2025-03-30 12:56:16,423652211,-711365893,317.84,15.06
2025-03-30 12:56:17,423652214,-711365893,317.56,14.98
2025-03-30 12:56:18,423652217,-711365894,317.35,14.88
2025-03-30 12:56:19,423652219,-711365895,317.24,14.81
2025-03-30 12:56:20,423652222,-711365895,316.95,14.73
2025-03-30 12:56:21,423652223,-711365894,316.77,14.72
2025-03-30 12:56:22,423652225,-711365894,316.58,14.67
2025-03-30 12:56:23,423652227,-711365894,316.38,14.61
2025-03-30 12:56:24,423652228,-711365893,316.21,14.61
2025-03-30 12:56:25,423652230,-711365893,316.01,14.55
2025-03-30 12:56:26,423652232,-711365893,315.81,14.5
2025-03-30 12:56:27,423652233,-711365892,315.63,14.49
2025-03-30 12:56:28,423652234,-711365891,315.45,14.49
2025-03-30 12:56:29,423652235,-711365890,315.28,14.48
2025-03-30 12:56:30,423652236,-711365889,315.1,14.47
2025-03-30 12:56:31,423652237,-711365889,315.0,14.45
2025-03-30 12:56:32,423652238,-711365890,314.97,14.4
2025-03-30 12:56:33,423652240,-711365890,314.76,14.35
2025-03-30 12:56:34,423652240,-711365890,314.76,14.35
2025-03-30 12:56:35,423652240,-711365889,314.69,14.37
2025-03-30 12:56:36,423652241,-711365888,314.51,14.36
2025-03-30 12:56:37,423652241,-711365887,314.43,14.38
2025-03-30 12:56:38,423652241,-711365886,314.36,14.4
2025-03-30 12:56:39,423652241,-711365886,314.36,14.4
2025-03-30 12:56:40,423652242,-711365886,314.26,14.38
2025-03-30 12:56:41,423652244,-711365886,314.05,14.33
2025-03-30 12:56:42,423652244,-711365886,314.05,14.33
2025-03-30 12:56:43,423652244,-711365885,313.97,14.34
2025-03-30 12:56:44,423652244,-711365884,313.9,14.36
2025-03-30 12:56:45,423652243,-711365883,313.93,14.41
2025-03-30 12:56:46,423652242,-711365882,313.96,14.45
2025-03-30 12:56:47,423652241,-711365881,313.99,14.5
2025-03-30 12:56:48,423652241,-711365881,313.99,14.5
2025-03-30 12:56:49,423652241,-711365881,313.99,14.5
2025-03-30 12:56:50,423652242,-711365882,313.96,14.45
2025-03-30 12:56:51,423652242,-711365883,314.03,14.43
2025-03-30 12:56:52,423652242,-711365884,314.11,14.41
2025-03-30 12:56:53,423652242,-711365885,314.18,14.4
2025-03-30 12:56:54,423652244,-711365887,314.12,14.31
2025-03-30 12:56:55,423652245,-711365888,314.09,14.26
2025-03-30 12:56:56,423652247,-711365889,313.96,14.19
2025-03-30 12:56:57,423652247,-711365892,314.18,14.13
2025-03-30 12:56:58,423652248,-711365894,314.23,14.07
2025-03-30 12:56:59,423652249,-711365897,314.35,13.99
2025-03-30 12:57:00,423652251,-711365899,314.29,13.9
2025-03-30 12:57:01,423652252,-711365902,314.42,13.81
2025-03-30 12:57:02,423652253,-711365904,314.47,13.75
2025-03-30 12:57:03,423652254,-711365907,314.6,13.67
2025-03-30 12:57:04,423652255,-711365909,314.65,13.6
2025-03-30 12:57:06,423652255,-711365914,315.05,13.51
2025-03-30 12:57:07,423652256,-711365916,315.1,13.44
2025-03-30 12:57:08,423652257,-711365919,315.24,13.36
2025-03-30 12:57:09,423652257,-711365920,315.32,13.34
2025-03-30 12:57:10,423652257,-711365921,315.4,13.32
2025-03-30 12:57:11,423652258,-711365921,315.29,13.3
2025-03-30 12:57:12,423652257,-711365921,315.4,13.32
2025-03-30 12:57:13,423652257,-711365921,315.4,13.32
2025-03-30 12:57:14,423652258,-711365920,315.21,13.31
2025-03-30 12:57:15,423652257,-711365919,315.24,13.36
2025-03-30 12:57:16,423652256,-711365918,315.26,13.4
2025-03-30 12:57:17,423652254,-711365917,315.4,13.47
2025-03-30 12:57:18,423652251,-711365915,315.56,13.59
2025-03-30 12:57:19,423652250,-711365914,315.59,13.64
2025-03-30 12:57:20,423652249,-711365913,315.62,13.68
2025-03-30 12:57:21,423652246,-711365911,315.77,13.8
2025-03-30 12:57:22,423652243,-711365909,315.93,13.91
2025-03-30 12:57:23,423652241,-711365907,315.98,14.0
2025-03-30 12:57:24,423652238,-711365904,316.05,14.14
2025-03-30 12:57:25,423652236,-711365902,316.1,14.23
2025-03-30 12:57:26,423652233,-711365900,316.25,14.34
2025-03-30 12:57:27,423652230,-711365897,316.32,14.48
2025-03-30 12:57:28,423652225,-711365895,316.66,14.65
2025-03-30 12:57:29,423652222,-711365893,316.79,14.76
2025-03-30 12:57:30,423652218,-711365891,317.03,14.91
2025-03-30 12:57:31,423652214,-711365890,317.33,15.03
2025-03-30 12:57:32,423652211,-711365889,317.54,15.13
2025-03-30 12:57:33,423652207,-711365888,317.83,15.26
2025-03-30 12:57:34,423652203,-711365886,318.05,15.4
2025-03-30 12:57:35,423652199,-711365884,318.26,15.55
2025-03-30 12:57:36,423652196,-711365882,318.38,15.66
2025-03-30 12:57:37,423652193,-711365880,318.5,15.78
2025-03-30 12:57:38,423652190,-711365878,318.61,15.9
2025-03-30 12:57:39,423652187,-711365875,318.65,16.04
2025-03-30 12:57:40,423652183,-711365872,318.78,16.2
2025-03-30 12:57:41,423652179,-711365868,318.83,16.38
2025-03-30 12:57:42,423652174,-711365866,319.11,16.55
2025-03-30 12:57:43,423652171,-711365864,319.22,16.67
2025-03-30 12:57:44,423652169,-711365861,319.17,16.78
2025-03-30 12:57:45,423652167,-711365860,319.26,16.85
2025-03-30 12:57:46,423652165,-711365859,319.35,16.92
2025-03-30 12:57:47,423652163,-711365857,319.38,17.02
2025-03-30 12:57:48,423652161,-711365855,319.4,17.11
2025-03-30 12:57:49,423652159,-711365853,319.42,17.2
2025-03-30 12:57:50,423652157,-711365853,319.58,17.25
2025-03-30 12:57:51,423652156,-711365852,319.59,17.3
2025-03-30 12:57:52,423652156,-711365852,319.59,17.3
2025-03-30 12:57:53,423652155,-711365851,319.6,17.34
2025-03-30 12:57:54,423652154,-711365850,319.61,17.39
2025-03-30 12:57:55,423652153,-711365850,319.69,17.42
2025-03-30 12:57:56,423652153,-711365849,319.62,17.43
2025-03-30 12:57:57,423652152,-711365848,319.63,17.48
2025-03-30 12:57:58,423652151,-711365846,319.57,17.54
2025-03-30 12:57:59,423652149,-711365844,319.59,17.63
2025-03-30 12:58:00,423652148,-711365843,319.6,17.68
2025-03-30 12:58:01,423652146,-711365842,319.69,17.75
2025-03-30 12:58:02,423652146,-711365840,319.56,17.78
2025-03-30 12:58:03,423652145,-711365839,319.57,17.83
2025-03-30 12:58:04,423652144,-711365838,319.58,17.87
2025-03-30 12:58:05,423652142,-711365837,319.66,17.95
2025-03-30 12:58:06,423652141,-711365836,319.67,17.99
2025-03-30 12:58:07,423652140,-711365836,319.75,18.02
2025-03-30 12:58:08,423652139,-711365836,319.82,18.05
2025-03-30 12:58:09,423652138,-711365836,319.9,18.08
2025-03-30 12:58:10,423652137,-711365836,319.97,18.1
2025-03-30 12:58:11,423652136,-711365836,320.04,18.13
2025-03-30 12:58:12,423652133,-711365838,320.4,18.18
2025-03-30 12:58:13,423652131,-711365849,321.27,18.05
2025-03-30 12:58:14,423652128,-711365860,322.23,17.95
2025-03-30 12:58:15,423652127,-711365869,322.91,17.84
2025-03-30 12:58:16,423652124,-711365876,323.61,17.81
2025-03-30 12:58:17,423652120,-711365883,324.38,17.82
2025-03-30 12:58:18,423652114,-711365890,325.28,17.89
2025-03-30 12:58:19,423652106,-711365894,326.09,18.07
2025-03-30 12:58:20,423652100,-711365897,326.68,18.21
2025-03-30 12:58:21,423652095,-711365899,327.13,18.33
2025-03-30 12:58:22,423652091,-711365903,327.66,18.39
2025-03-30 12:58:23,423652088,-711365908,328.2,18.41
2025-03-30 12:58:24,423652086,-711365914,328.75,18.39
2025-03-30 12:58:25,423652086,-711365920,329.18,18.31
2025-03-30 12:58:26,423652086,-711365927,329.69,18.21
2025-03-30 12:58:27,423652088,-711365933,330.02,18.07
2025-03-30 12:58:28,423652091,-711365939,330.29,17.89
2025-03-30 12:58:29,423652094,-711365942,330.34,17.76
2025-03-30 12:58:30,423652096,-711365928,329.18,17.89
2025-03-30 12:58:31,423652101,-711365914,327.84,17.93
2025-03-30 12:58:32,423652109,-711365911,327.12,17.72
2025-03-30 12:58:33,423652115,-711365910,326.66,17.56
2025-03-30 12:58:34,423652122,-711365908,326.04,17.37
2025-03-30 12:58:35,423652128,-711365903,325.27,17.27
2025-03-30 12:58:36,423652132,-711365898,324.62,17.23
2025-03-30 12:58:37,423652138,-711365894,323.9,17.11
2025-03-30 12:58:38,423652144,-711365892,323.32,16.97
2025-03-30 12:58:39,423652150,-711365887,322.51,16.87
2025-03-30 12:58:40,423652154,-711365883,321.92,16.82
2025-03-30 12:58:41,423652157,-711365879,321.4,16.81
2025-03-30 12:58:42,423652161,-711365877,320.94,16.73
2025-03-30 12:58:43,423652163,-711365874,320.57,16.72
2025-03-30 12:58:44,423652164,-711365876,320.63,16.66
2025-03-30 12:58:45,423652167,-711365876,320.39,16.57
2025-03-30 12:58:46,423652170,-711365875,320.08,16.51
2025-03-30 12:58:47,423652175,-711365874,319.6,16.38
2025-03-30 12:58:48,423652179,-711365875,319.33,16.26
2025-03-30 12:58:49,423652183,-711365873,318.85,16.18
2025-03-30 12:58:50,423652186,-711365871,318.45,16.13
2025-03-30 12:58:51,423652189,-711365868,317.98,16.11
2025-03-30 12:58:52,423652189,-711365863,317.63,16.2
2025-03-30 12:58:53,423652190,-711365859,317.26,16.24
2025-03-30 12:58:54,423652189,-711365852,316.86,16.4
2025-03-30 12:58:55,423652188,-711365847,316.61,16.52
2025-03-30 12:58:56,423652187,-711365843,316.42,16.62
2025-03-30 12:58:57,423652186,-711365838,316.17,16.74
2025-03-30 12:58:58,423652185,-711365833,315.93,16.86
2025-03-30 12:58:59,423652184,-711365827,315.62,17.0
2025-03-30 12:59:00,423652183,-711365822,315.39,17.12
2025-03-30 12:59:01,423652182,-711365817,315.15,17.24
2025-03-30 12:59:02,423652181,-711365812,314.92,17.36
2025-03-30 12:59:03,423652179,-711365810,314.97,17.45
2025-03-30 12:59:04,423652178,-711365811,315.11,17.46
2025-03-30 12:59:05,423652177,-711365813,315.32,17.44
2025-03-30 12:59:06,423652177,-711365816,315.51,17.39
2025-03-30 12:59:07,423652176,-711365819,315.79,17.36
2025-03-30 12:59:08,423652177,-711365823,315.96,17.25
2025-03-30 12:59:09,423652179,-711365826,315.98,17.15
2025-03-30 12:59:10,423652180,-711365830,316.16,17.05
2025-03-30 12:59:11,423652181,-711365835,316.4,16.93
2025-03-30 12:59:12,423652181,-711365840,316.74,16.83
2025-03-30 12:59:13,423652181,-711365844,317.0,16.76
2025-03-30 12:59:14,423652181,-711365848,317.28,16.69
2025-03-30 12:59:15,423652180,-711365851,317.56,16.66
2025-03-30 12:59:16,423652178,-711365853,317.87,16.68
2025-03-30 12:59:17,423652176,-711365857,318.31,16.66
2025-03-30 12:59:18,423652174,-711365864,318.97,16.59
2025-03-30 12:59:19,423652173,-711365870,319.47,16.51
2025-03-30 12:59:20,423652172,-711365879,320.2,16.38
2025-03-30 12:59:21,423652173,-711365886,320.63,16.23
2025-03-30 12:59:22,423652174,-711365892,320.99,16.1
2025-03-30 12:59:23,423652177,-711365899,321.27,15.9
2025-03-30 12:59:24,423652178,-711365905,321.65,15.77
2025-03-30 12:59:25,423652181,-711365910,321.79,15.6
2025-03-30 12:59:26,423652185,-711365914,321.77,15.42
2025-03-30 12:59:27,423652188,-711365917,321.75,15.28
2025-03-30 12:59:28,423652190,-711365918,321.66,15.21
2025-03-30 12:59:29,423652193,-711365919,321.48,15.11
2025-03-30 12:59:30,423652195,-711365923,321.63,14.98
2025-03-30 12:59:31,423652197,-711365926,321.7,14.87
2025-03-30 12:59:32,423652200,-711365928,321.6,14.76
2025-03-30 12:59:33,423652201,-711365931,321.76,14.68
2025-03-30 12:59:34,423652203,-711365935,321.92,14.55
2025-03-30 12:59:35,423652203,-711365938,322.17,14.5
2025-03-30 12:59:36,423652203,-711365941,322.42,14.45
2025-03-30 12:59:37,423652203,-711365945,322.76,14.39
2025-03-30 12:59:38,423652202,-711365945,322.85,14.42
2025-03-30 12:59:39,423652201,-711365944,322.85,14.46
2025-03-30 12:59:40,423652200,-711365942,322.77,14.52
2025-03-30 12:59:41,423652198,-711365938,322.61,14.65
2025-03-30 12:59:42,423652197,-711365935,322.44,14.73
2025-03-30 12:59:43,423652196,-711365930,322.12,14.84
2025-03-30 12:59:44,423652195,-711365925,321.8,14.95
2025-03-30 12:59:45,423652193,-711365919,321.48,15.11
2025-03-30 12:59:46,423652192,-711365913,321.09,15.24
2025-03-30 12:59:47,423652190,-711365906,320.72,15.41
2025-03-30 12:59:48,423652190,-711365899,320.18,15.53
2025-03-30 12:59:49,423652191,-711365890,319.41,15.66
2025-03-30 12:59:50,423652190,-711365881,318.83,15.85
2025-03-30 12:59:51,423652193,-711365875,318.13,15.87
2025-03-30 12:59:52,423652195,-711365867,317.38,15.96
2025-03-30 12:59:53,423652196,-711365861,316.87,16.05
2025-03-30 12:59:54,423652196,-711365855,316.45,16.16
2025-03-30 12:59:55,423652197,-711365849,315.95,16.24
2025-03-30 12:59:56,423652198,-711365844,315.52,16.31
2025-03-30 12:59:57,423652199,-711365838,315.03,16.4
2025-03-30 12:59:58,423652199,-711365830,314.5,16.55
2025-03-30 12:59:59,423652199,-711365824,314.11,16.67
2025-03-30 13:00:00,423652198,-711365818,313.81,16.81
2025-03-30 13:00:01,423652197,-711365812,313.52,16.95
2025-03-30 13:00:02,423652196,-711365802,312.99,17.17
2025-03-30 13:00:03,423652195,-711365793,312.54,17.38
2025-03-30 13:00:04,423652194,-711365786,312.21,17.54
2025-03-30 13:00:05,423652193,-711365777,311.77,17.74
2025-03-30 13:00:06,423652192,-711365768,311.34,17.95
2025-03-30 13:00:07,423652191,-711365761,311.03,18.12
2025-03-30 13:00:08,423652192,-711365755,310.61,18.21
2025-03-30 13:00:09,423652192,-711365752,310.45,18.28
2025-03-30 13:00:10,423652193,-711365748,310.14,18.33
2025-03-30 13:00:11,423652193,-711365743,309.87,18.44
2025-03-30 13:00:12,423652193,-711365739,309.66,18.52
2025-03-30 13:00:13,423652192,-711365735,309.53,18.63
2025-03-30 13:00:14,423652191,-711365732,309.46,18.71
2025-03-30 13:00:15,423652190,-711365729,309.39,18.8
2025-03-30 13:00:16,423652189,-711365725,309.27,18.91
2025-03-30 13:00:17,423652188,-711365721,309.15,19.01
2025-03-30 13:00:18,423652185,-711365716,309.15,19.19
2025-03-30 13:00:19,423652183,-711365712,309.11,19.32
2025-03-30 13:00:20,423652181,-711365710,309.18,19.4
2025-03-30 13:00:21,423652179,-711365708,309.25,19.49
2025-03-30 13:00:22,423652177,-711365705,309.26,19.6
2025-03-30 13:00:23,423652176,-711365704,309.29,19.64
2025-03-30 13:00:24,423652175,-711365704,309.38,19.67
2025-03-30 13:00:25,423652176,-711365704,309.29,19.64
2025-03-30 13:00:26,423652176,-711365704,309.29,19.64
2025-03-30 13:00:27,423652176,-711365707,309.44,19.58
2025-03-30 13:00:28,423652176,-711365709,309.54,19.54
2025-03-30 13:00:29,423652176,-711365712,309.7,19.48
2025-03-30 13:00:30,423652175,-711365713,309.83,19.48
2025-03-30 13:00:31,423652174,-711365715,310.01,19.46
2025-03-30 13:00:32,423652172,-711365718,310.33,19.45
2025-03-30 13:00:33,423652171,-711365721,310.57,19.41
2025-03-30 13:00:34,423652169,-711365724,310.89,19.4
2025-03-30 13:00:35,423652167,-711365728,311.26,19.36
2025-03-30 13:00:36,423652163,-711365730,311.69,19.42
2025-03-30 13:00:37,423652160,-711365733,312.09,19.43
2025-03-30 13:00:38,423652157,-711365735,312.43,19.47
2025-03-30 13:00:39,423652152,-711365739,313.04,19.51
2025-03-30 13:00:40,423652147,-711365743,313.65,19.56
2025-03-30 13:00:41,423652143,-711365747,314.17,19.58
2025-03-30 13:00:42,423652137,-711365751,314.85,19.66
2025-03-30 13:00:43,423652132,-711365756,315.5,19.69
2025-03-30 13:00:44,423652126,-711365762,316.28,19.74
2025-03-30 13:00:45,423652121,-711365768,316.99,19.76
2025-03-30 13:00:46,423652116,-711365773,317.63,19.8
2025-03-30 13:00:47,423652110,-711365779,318.4,19.85
2025-03-30 13:00:48,423652105,-711365788,319.28,19.83
2025-03-30 13:00:49,423652102,-711365796,319.96,19.78
2025-03-30 13:00:50,423652097,-711365804,320.78,19.78
2025-03-30 13:00:51,423652092,-711365814,321.72,19.75
2025-03-30 13:00:52,423652085,-711365823,322.73,19.81
2025-03-30 13:00:53,423652080,-711365831,323.54,19.82
2025-03-30 13:00:54,423652075,-711365836,324.17,19.89
2025-03-30 13:00:55,423652069,-711365841,324.85,19.99
2025-03-30 13:00:56,423652063,-711365845,325.46,20.11
2025-03-30 13:00:57,423652056,-711365848,326.05,20.27
2025-03-30 13:00:58,423652049,-711365853,326.77,20.41
2025-03-30 13:00:59,423652043,-711365858,327.42,20.52
2025-03-30 13:01:00,423652037,-711365863,328.06,20.64
2025-03-30 13:01:01,423652031,-711365870,328.82,20.72
2025-03-30 13:01:02,423652027,-711365876,329.41,20.77
2025-03-30 13:01:03,423652024,-711365881,329.89,20.79
2025-03-30 13:01:04,423652022,-711365886,330.31,20.79
2025-03-30 13:01:05,423652020,-711365889,330.6,20.81
2025-03-30 13:01:06,423652019,-711365891,330.78,20.82
2025-03-30 13:01:07,423652017,-711365893,331.01,20.85
2025-03-30 13:01:08,423652016,-711365895,331.19,20.86
2025-03-30 13:01:09,423652017,-711365897,331.27,20.8
2025-03-30 13:01:10,423652017,-711365897,331.27,20.8
2025-03-30 13:01:11,423652017,-711365899,331.4,20.78
2025-03-30 13:01:12,423652017,-711365899,331.4,20.78
2025-03-30 13:01:13,423652018,-711365901,331.48,20.72
2025-03-30 13:01:14,423652019,-711365901,331.43,20.69
2025-03-30 13:01:15,423652020,-711365900,331.32,20.67
2025-03-30 13:01:16,423652019,-711365897,331.17,20.74
2025-03-30 13:01:17,423652017,-711365896,331.2,20.82
2025-03-30 13:01:18,423652015,-711365894,331.17,20.9
2025-03-30 13:01:19,423652014,-711365892,331.09,20.96
2025-03-30 13:01:20,423652013,-711365888,330.88,21.05
2025-03-30 13:01:21,423652012,-711365884,330.67,21.13
2025-03-30 13:01:22,423652011,-711365880,330.47,21.22
2025-03-30 13:01:23,423652009,-711365873,330.12,21.37
2025-03-30 13:01:24,423652007,-711365867,329.85,21.52
2025-03-30 13:01:25,423652004,-711365860,329.56,21.71
2025-03-30 13:01:26,423652000,-711365856,329.51,21.89
2025-03-30 13:01:27,423651997,-711365850,329.29,22.06
2025-03-30 13:01:28,423651993,-711365846,329.25,22.24
2025-03-30 13:01:29,423651990,-711365843,329.21,22.38
2025-03-30 13:01:30,423651985,-711365840,329.27,22.58
2025-03-30 13:01:31,423651980,-711365837,329.33,22.78
2025-03-30 13:01:32,423651974,-711365833,329.38,23.02
2025-03-30 13:01:33,423651969,-711365831,329.49,23.2
2025-03-30 13:01:34,423651966,-711365828,329.46,23.34
2025-03-30 13:01:35,423651964,-711365825,329.38,23.44
2025-03-30 13:01:36,423651964,-711365820,329.1,23.51
2025-03-30 13:01:37,423651964,-711365815,328.82,23.58
2025-03-30 13:01:38,423651965,-711365811,328.55,23.61
2025-03-30 13:01:39,423651966,-711365808,328.33,23.62
2025-03-30 13:01:40,423651967,-711365805,328.12,23.63
2025-03-30 13:01:41,423651969,-711365803,327.91,23.6
2025-03-30 13:01:42,423651969,-711365800,327.75,23.64
2025-03-30 13:01:43,423651970,-711365796,327.48,23.67
2025-03-30 13:01:44,423651974,-711365792,327.07,23.6
2025-03-30 13:01:45,423651977,-711365788,326.7,23.57
2025-03-30 13:01:46,423651980,-711365782,326.23,23.57
2025-03-30 13:01:47,423651985,-711365777,325.71,23.49
2025-03-30 13:01:48,423651990,-711365772,325.19,23.42
2025-03-30 13:01:49,423651995,-711365768,324.71,23.33
2025-03-30 13:01:50,423652000,-711365764,324.24,23.24
2025-03-30 13:01:51,423652005,-711365761,323.81,23.14
2025-03-30 13:01:52,423652010,-711365759,323.43,23.03
2025-03-30 13:01:53,423652015,-711365760,323.21,22.87
2025-03-30 13:01:54,423652020,-711365759,322.89,22.74
2025-03-30 13:01:55,423652024,-711365760,322.72,22.6
2025-03-30 13:01:56,423652028,-711365762,322.6,22.46
2025-03-30 13:01:57,423652032,-711365759,322.21,22.39
2025-03-30 13:01:58,423652038,-711365757,321.75,22.25
2025-03-30 13:01:59,423652042,-711365758,321.57,22.12
2025-03-30 13:02:00,423652047,-711365760,321.39,21.94
2025-03-30 13:02:01,423652051,-711365761,321.21,21.81
2025-03-30 13:02:02,423652055,-711365761,320.96,21.7
2025-03-30 13:02:03,423652057,-711365763,320.95,21.61
2025-03-30 13:02:04,423652060,-711365764,320.83,21.51
2025-03-30 13:02:05,423652063,-711365765,320.7,21.4
2025-03-30 13:02:06,423652067,-711365767,320.56,21.26
2025-03-30 13:02:07,423652070,-711365770,320.54,21.12
2025-03-30 13:02:08,423652072,-711365775,320.7,20.98
2025-03-30 13:02:09,423652075,-711365781,320.85,20.79
2025-03-30 13:02:10,423652078,-711365788,321.07,20.59
2025-03-30 13:02:11,423652082,-711365794,321.16,20.37
2025-03-30 13:02:12,423652084,-711365802,321.51,20.18
2025-03-30 13:02:13,423652088,-711365811,321.79,19.92
2025-03-30 13:02:14,423652092,-711365820,322.09,19.65
2025-03-30 13:02:15,423652098,-711365826,322.07,19.38
2025-03-30 13:02:16,423652101,-711365834,322.37,19.16
2025-03-30 13:02:17,423652105,-711365842,322.62,18.91
2025-03-30 13:02:18,423652110,-711365853,323.01,18.59
2025-03-30 13:02:19,423652113,-711365863,323.47,18.34
2025-03-30 13:02:20,423652116,-711365873,323.95,18.09
2025-03-30 13:02:21,423652120,-711365880,324.17,17.86
2025-03-30 13:02:22,423652122,-711365888,324.59,17.68
2025-03-30 13:02:23,423652123,-711365895,325.03,17.54
2025-03-30 13:02:24,423652124,-711365900,325.32,17.43
2025-03-30 13:02:25,423652125,-711365906,325.69,17.31
2025-03-30 13:02:26,423652125,-711365912,326.14,17.22
2025-03-30 13:02:27,423652125,-711365917,326.51,17.15
2025-03-30 13:02:28,423652123,-711365924,327.17,17.1
2025-03-30 13:02:29,423652122,-711365929,327.62,17.06
2025-03-30 13:02:30,423652120,-711365935,328.21,17.04
2025-03-30 13:02:31,423652117,-711365938,328.64,17.09
2025-03-30 13:02:32,423652113,-711365943,329.27,17.15
2025-03-30 13:02:33,423652111,-711365947,329.71,17.15
2025-03-30 13:02:34,423652109,-711365948,329.91,17.2
2025-03-30 13:02:35,423652105,-711365948,330.15,17.33
2025-03-30 13:02:36,423652101,-711365946,330.23,17.48
2025-03-30 13:02:37,423652095,-711365946,330.59,17.67
2025-03-30 13:02:38,423652091,-711365946,330.82,17.8
2025-03-30 13:02:39,423652087,-711365945,330.97,17.94
2025-03-30 13:02:40,423652082,-711365943,331.1,18.13
2025-03-30 13:02:41,423652077,-711365941,331.23,18.31
2025-03-30 13:02:42,423652073,-711365940,331.37,18.45
2025-03-30 13:02:43,423652069,-711365938,331.44,18.61
2025-03-30 13:02:44,423652066,-711365936,331.46,18.73
2025-03-30 13:02:45,423652063,-711365934,331.47,18.85
2025-03-30 13:02:46,423652062,-711365931,331.31,18.92
2025-03-30 13:02:47,423652061,-711365929,331.22,18.98
2025-03-30 13:02:48,423652060,-711365929,331.27,19.01
2025-03-30 13:02:49,423652060,-711365928,331.2,19.02
2025-03-30 13:02:50,423652058,-711365927,331.24,19.1
2025-03-30 13:02:51,423652057,-711365925,331.15,19.16
2025-03-30 13:02:52,423652057,-711365922,330.94,19.2
2025-03-30 13:02:53,423652056,-711365923,331.06,19.22
2025-03-30 13:02:54,423652058,-711365922,330.88,19.17
2025-03-30 13:02:55,423652057,-711365922,330.94,19.2
2025-03-30 13:02:56,423652056,-711365920,330.85,19.26
2025-03-30 13:02:57,423652055,-711365919,330.83,19.3
2025-03-30 13:02:58,423652054,-711365916,330.68,19.37
2025-03-30 13:02:59,423652053,-711365912,330.45,19.46
2025-03-30 13:03:00,423652052,-711365906,330.09,19.57
2025-03-30 13:03:01,423652051,-711365899,329.67,19.7
2025-03-30 13:03:02,423652049,-711365891,329.24,19.87
2025-03-30 13:03:03,423652047,-711365883,328.82,20.04
2025-03-30 13:03:04,423652045,-711365875,328.4,20.22
2025-03-30 13:03:05,423652045,-711365869,328.01,20.3
2025-03-30 13:03:06,423652043,-711365864,327.8,20.44
2025-03-30 13:03:07,423652043,-711365861,327.61,20.48
2025-03-30 13:03:08,423652044,-711365855,327.17,20.53
2025-03-30 13:03:09,423652043,-711365851,326.98,20.62
2025-03-30 13:03:10,423652044,-711365846,326.61,20.67
2025-03-30 13:03:11,423652045,-711365839,326.12,20.74
2025-03-30 13:03:12,423652046,-711365832,325.63,20.82
2025-03-30 13:03:13,423652046,-711365826,325.26,20.91
2025-03-30 13:03:14,423652047,-711365821,324.9,20.96
2025-03-30 13:03:15,423652048,-711365815,324.49,21.02
2025-03-30 13:03:16,423652049,-711365810,324.13,21.07
2025-03-30 13:03:17,423652050,-711365805,323.78,21.12
2025-03-30 13:03:18,423652050,-711365799,323.42,21.21
2025-03-30 13:03:19,423652051,-711365793,323.02,21.28
2025-03-30 13:03:20,423652052,-711365787,322.61,21.35
2025-03-30 13:03:21,423652052,-711365780,322.21,21.47
2025-03-30 13:03:22,423652051,-711365774,321.93,21.59
2025-03-30 13:03:23,423652051,-711365766,321.48,21.73
2025-03-30 13:03:24,423652049,-711365760,321.27,21.89
2025-03-30 13:03:25,423652049,-711365753,320.89,22.0
2025-03-30 13:03:26,423652048,-711365747,320.62,22.14
2025-03-30 13:03:27,423652047,-711365744,320.52,22.21
2025-03-30 13:03:28,423652047,-711365742,320.41,22.25
2025-03-30 13:03:29,423652047,-711365742,320.41,22.25
2025-03-30 13:03:30,423652049,-711365740,320.19,22.23
2025-03-30 13:03:31,423652050,-711365737,319.97,22.25
2025-03-30 13:03:32,423652051,-711365733,319.69,22.29
2025-03-30 13:03:33,423652053,-711365730,319.41,22.29
2025-03-30 13:03:34,423652055,-711365726,319.08,22.3
2025-03-30 13:03:35,423652057,-711365721,318.7,22.34
2025-03-30 13:03:36,423652058,-711365717,318.43,22.38
2025-03-30 13:03:37,423652059,-711365712,318.11,22.44
2025-03-30 13:03:38,423652060,-711365709,317.89,22.47
2025-03-30 13:03:39,423652061,-711365705,317.63,22.52
2025-03-30 13:03:40,423652063,-711365701,317.3,22.54
2025-03-30 13:03:41,423652064,-711365695,316.94,22.62
2025-03-30 13:03:42,423652065,-711365690,316.62,22.69
2025-03-30 13:03:43,423652066,-711365686,316.36,22.73
2025-03-30 13:03:44,423652068,-711365685,316.19,22.7
2025-03-30 13:03:45,423652070,-711365682,315.91,22.7
2025-03-30 13:03:46,423652070,-711365682,315.91,22.7
2025-03-30 13:03:47,423652072,-711365682,315.78,22.65
2025-03-30 13:03:48,423652073,-711365683,315.77,22.61
2025-03-30 13:03:49,423652074,-711365684,315.75,22.56
2025-03-30 13:03:50,423652075,-711365682,315.59,22.57
2025-03-30 13:03:51,423652077,-711365683,315.51,22.5
2025-03-30 13:03:52,423652080,-711365683,315.31,22.42
2025-03-30 13:03:53,423652083,-711365683,315.12,22.35
2025-03-30 13:03:54,423652085,-711365682,314.94,22.31
2025-03-30 13:03:55,423652086,-711365683,314.92,22.27
2025-03-30 13:03:56,423652087,-711365682,314.8,22.26
2025-03-30 13:03:57,423652089,-711365682,314.67,22.21
2025-03-30 13:03:58,423652089,-711365682,314.67,22.21
2025-03-30 13:03:59,423652089,-711365683,314.72,22.19
2025-03-30 13:04:00,423652091,-711365686,314.73,22.08
2025-03-30 13:04:01,423652092,-711365687,314.71,22.04
2025-03-30 13:04:02,423652091,-711365691,314.98,21.99
2025-03-30 13:04:03,423652092,-711365694,315.06,21.9
2025-03-30 13:04:04,423652093,-711365697,315.14,21.82
2025-03-30 13:04:05,423652094,-711365700,315.23,21.74
2025-03-30 13:04:06,423652096,-711365703,315.24,21.63
2025-03-30 13:04:07,423652099,-711365706,315.19,21.49
2025-03-30 13:04:08,423652103,-711365709,315.07,21.33
2025-03-30 13:04:09,423652107,-711365712,314.94,21.17
2025-03-30 13:04:10,423652112,-711365714,314.7,21.01
2025-03-30 13:04:11,423652116,-711365717,314.57,20.85
2025-03-30 13:04:12,423652121,-711365717,314.21,20.72
2025-03-30 13:04:13,423652125,-711365719,314.02,20.58
2025-03-30 13:04:14,423652129,-711365720,313.78,20.46
2025-03-30 13:04:15,423652135,-711365723,313.49,20.25
2025-03-30 13:04:16,423652140,-711365724,313.17,20.1
2025-03-30 13:04:17,423652146,-711365726,312.81,19.92
2025-03-30 13:04:18,423652151,-711365728,312.53,19.75
2025-03-30 13:04:19,423652156,-711365730,312.24,19.59
2025-03-30 13:04:20,423652162,-711365729,311.71,19.46
2025-03-30 13:04:21,423652166,-711365728,311.34,19.39
2025-03-30 13:04:22,423652170,-711365727,310.96,19.31
2025-03-30 13:04:23,423652175,-711365726,310.5,19.21
2025-03-30 13:04:24,423652179,-711365725,310.11,19.14
2025-03-30 13:04:25,423652182,-711365724,309.81,19.09
2025-03-30 13:04:26,423652186,-711365726,309.58,18.95
2025-03-30 13:04:27,423652190,-711365727,309.29,18.84
2025-03-30 13:04:28,423652193,-711365727,309.03,18.77
2025-03-30 13:04:29,423652194,-711365727,308.94,18.75
2025-03-30 13:04:30,423652195,-711365727,308.85,18.73
2025-03-30 13:04:31,423652194,-711365727,308.94,18.75
2025-03-30 13:04:32,423652194,-711365726,308.89,18.77
2025-03-30 13:04:33,423652193,-711365726,308.97,18.79
2025-03-30 13:04:34,423652190,-711365725,309.18,18.88
2025-03-30 13:04:35,423652187,-711365724,309.39,18.97
2025-03-30 13:04:36,423652184,-711365723,309.59,19.06
2025-03-30 13:04:37,423652180,-711365722,309.87,19.18
2025-03-30 13:04:38,423652178,-711365719,309.89,19.29
2025-03-30 13:04:39,423652175,-711365717,310.03,19.4
2025-03-30 13:04:40,423652171,-711365712,310.11,19.59
2025-03-30 13:04:41,423652166,-711365709,310.36,19.77
2025-03-30 13:04:42,423652162,-711365705,310.48,19.95
2025-03-30 13:04:43,423652158,-711365700,310.54,20.15
2025-03-30 13:04:44,423652153,-711365694,310.64,20.39
2025-03-30 13:04:45,423652148,-711365690,310.83,20.59
2025-03-30 13:04:46,423652145,-711365684,310.77,20.78
2025-03-30 13:04:47,423652141,-711365680,310.87,20.96
2025-03-30 13:04:48,423652137,-711365674,310.89,21.18
2025-03-30 13:04:49,423652135,-711365670,310.85,21.31
2025-03-30 13:04:50,423652132,-711365667,310.93,21.44
2025-03-30 13:04:51,423652130,-711365663,310.88,21.57
2025-03-30 13:04:52,423652128,-711365658,310.8,21.72
2025-03-30 13:04:53,423652126,-711365654,310.76,21.85
2025-03-30 13:04:54,423652125,-711365649,310.6,21.97
2025-03-30 13:04:55,423652125,-711365645,310.42,22.06
2025-03-30 13:04:56,423652126,-711365640,310.12,22.14
2025-03-30 13:04:57,423652127,-711365637,309.91,22.17
2025-03-30 13:04:58,423652128,-711365634,309.71,22.21
2025-03-30 13:04:59,423652129,-711365631,309.5,22.25
2025-03-30 13:05:00,423652128,-711365629,309.49,22.32
2025-03-30 13:05:01,423652128,-711365628,309.44,22.34
2025-03-30 13:05:02,423652127,-711365627,309.47,22.38
2025-03-30 13:05:03,423652127,-711365626,309.43,22.4
2025-03-30 13:05:04,423652128,-711365624,309.27,22.42
2025-03-30 13:05:05,423652128,-711365621,309.14,22.48
2025-03-30 13:05:06,423652129,-711365622,309.11,22.44
2025-03-30 13:05:07,423652127,-711365621,309.21,22.51
2025-03-30 13:05:08,423652126,-711365623,309.37,22.49
2025-03-30 13:05:09,423652125,-711365624,309.48,22.49
2025-03-30 13:05:10,423652124,-711365626,309.64,22.47
2025-03-30 13:05:11,423652124,-711365629,309.77,22.41
2025-03-30 13:05:12,423652124,-711365631,309.86,22.37
2025-03-30 13:05:13,423652123,-711365633,310.02,22.35
2025-03-30 13:05:14,423652124,-711365636,310.08,22.27
2025-03-30 13:05:15,423652123,-711365639,310.29,22.23
2025-03-30 13:05:16,423652123,-711365641,310.38,22.19
2025-03-30 13:05:17,423652124,-711365643,310.4,22.12
2025-03-30 13:05:18,423652121,-711365646,310.75,22.13
2025-03-30 13:05:19,423652120,-711365649,310.96,22.09
2025-03-30 13:05:20,423652120,-711365652,311.1,22.03
2025-03-30 13:05:21,423652119,-711365652,311.17,22.06
2025-03-30 13:05:22,423652120,-711365655,311.24,21.97
2025-03-30 13:05:23,423652118,-711365656,311.42,22.0
2025-03-30 13:05:24,423652118,-711365656,311.42,22.0
2025-03-30 13:05:25,423652117,-711365656,311.5,22.02
2025-03-30 13:05:26,423652116,-711365658,311.66,22.01
2025-03-30 13:05:27,423652117,-711365660,311.68,21.94
2025-03-30 13:05:28,423652117,-711365661,311.73,21.92
2025-03-30 13:05:29,423652116,-711365661,311.8,21.95
2025-03-30 13:05:30,423652114,-711365663,312.04,21.96
2025-03-30 13:05:31,423652113,-711365665,312.2,21.94
2025-03-30 13:05:32,423652112,-711365664,312.22,21.99
2025-03-30 13:05:33,423652112,-711365664,312.22,21.99
2025-03-30 13:05:34,423652109,-711365662,312.34,22.1
2025-03-30 13:05:35,423652107,-711365661,312.43,22.17
2025-03-30 13:05:36,423652106,-711365662,312.55,22.17
2025-03-30 13:05:37,423652106,-711365661,312.5,22.19
2025-03-30 13:05:38,423652105,-711365662,312.62,22.2
2025-03-30 13:05:39,423652106,-711365666,312.74,22.09
2025-03-30 13:05:40,423652104,-711365667,312.92,22.12
2025-03-30 13:05:41,423652103,-711365671,313.18,22.07
2025-03-30 13:05:42,423652103,-711365676,313.43,21.97
2025-03-30 13:05:43,423652102,-711365682,313.79,21.88
2025-03-30 13:05:44,423652102,-711365690,314.18,21.72
2025-03-30 13:05:45,423652101,-711365695,314.5,21.65
2025-03-30 13:05:46,423652101,-711365702,314.85,21.52
2025-03-30 13:05:47,423652100,-711365709,315.27,21.41
2025-03-30 13:05:48,423652100,-711365717,315.69,21.26
2025-03-30 13:05:49,423652100,-711365725,316.11,21.11
2025-03-30 13:05:50,423652100,-711365734,316.58,20.94
2025-03-30 13:05:51,423652102,-711365741,316.82,20.76
2025-03-30 13:05:52,423652101,-711365749,317.33,20.64
2025-03-30 13:05:53,423652101,-711365758,317.83,20.48
2025-03-30 13:05:54,423652101,-711365765,318.22,20.35
2025-03-30 13:05:55,423652101,-711365773,318.68,20.21
2025-03-30 13:05:56,423652100,-711365781,319.21,20.09
2025-03-30 13:05:57,423652098,-711365789,319.81,20.01
2025-03-30 13:05:58,423652097,-711365795,320.24,19.93
2025-03-30 13:05:59,423652095,-711365801,320.73,19.89
2025-03-30 13:06:00,423652094,-711365805,321.04,19.85
2025-03-30 13:06:01,423652093,-711365809,321.35,19.81
2025-03-30 13:06:02,423652091,-711365812,321.66,19.81
2025-03-30 13:06:03,423652090,-711365815,321.91,19.79
2025-03-30 13:06:04,423652089,-711365816,322.04,19.8
2025-03-30 13:06:05,423652086,-711365816,322.23,19.89
2025-03-30 13:06:06,423652083,-711365816,322.42,19.98
2025-03-30 13:06:07,423652079,-711365814,322.55,20.13
2025-03-30 13:06:08,423652074,-711365812,322.75,20.3
2025-03-30 13:06:09,423652068,-711365809,322.94,20.53
2025-03-30 13:06:10,423652063,-711365807,323.12,20.71
2025-03-30 13:06:11,423652059,-711365805,323.24,20.85
2025-03-30 13:06:12,423652054,-711365803,323.42,21.03
2025-03-30 13:06:13,423652050,-711365800,323.48,21.2
2025-03-30 13:06:14,423652046,-711365798,323.6,21.35
2025-03-30 13:06:15,423652042,-711365796,323.71,21.5
2025-03-30 13:06:16,423652038,-711365794,323.83,21.65
2025-03-30 13:06:17,423652035,-711365792,323.88,21.77
2025-03-30 13:06:18,423652031,-711365791,324.05,21.9
2025-03-30 13:06:19,423652028,-711365791,324.22,21.99
2025-03-30 13:06:20,423652026,-711365791,324.33,22.05
2025-03-30 13:06:21,423652026,-711365790,324.27,22.06
2025-03-30 13:06:22,423652025,-711365792,324.44,22.06
2025-03-30 13:06:23,423652025,-711365794,324.56,22.03
2025-03-30 13:06:24,423652027,-711365796,324.56,21.94
2025-03-30 13:06:25,423652033,-711365796,324.23,21.76
2025-03-30 13:06:26,423652036,-711365796,324.06,21.67
2025-03-30 13:06:27,423652037,-711365799,324.17,21.6
2025-03-30 13:06:28,423652041,-711365799,323.95,21.48
2025-03-30 13:06:29,423652043,-711365801,323.95,21.39
2025-03-30 13:06:30,423652046,-711365803,323.89,21.27
2025-03-30 13:06:31,423652048,-711365806,323.95,21.16
2025-03-30 13:06:32,423652049,-711365806,323.89,21.13
2025-03-30 13:06:33,423652049,-711365805,323.83,21.15
2025-03-30 13:06:34,423652049,-711365802,323.66,21.2
2025-03-30 13:06:35,423652048,-711365799,323.54,21.27
2025-03-30 13:06:36,423652048,-711365797,323.42,21.31
2025-03-30 13:06:37,423652048,-711365796,323.37,21.32
2025-03-30 13:06:38,423652048,-711365794,323.25,21.35
2025-03-30 13:06:39,423652047,-711365792,323.19,21.42
2025-03-30 13:06:40,423652046,-711365788,323.02,21.51
2025-03-30 13:06:41,423652044,-711365784,322.91,21.63
2025-03-30 13:06:42,423652042,-711365780,322.8,21.76
2025-03-30 13:06:43,423652039,-711365776,322.75,21.91
2025-03-30 13:06:44,423652037,-711365771,322.58,22.05
2025-03-30 13:06:45,423652036,-711365767,322.42,22.14
2025-03-30 13:06:46,423652034,-711365762,322.26,22.28
2025-03-30 13:06:47,423652033,-711365760,322.21,22.34
2025-03-30 13:06:48,423652033,-711365756,321.99,22.41
2025-03-30 13:06:49,423652032,-711365754,321.94,22.47
2025-03-30 13:06:50,423652031,-711365751,321.83,22.55
2025-03-30 13:06:51,423652030,-711365747,321.68,22.65
2025-03-30 13:06:52,423652029,-711365745,321.63,22.71
2025-03-30 13:06:53,423652030,-711365743,321.46,22.71
2025-03-30 13:06:54,423652030,-711365741,321.36,22.75
2025-03-30 13:06:55,423652032,-711365739,321.13,22.72
2025-03-30 13:06:56,423652034,-711365746,321.39,22.55
2025-03-30 13:06:57,423652040,-711365756,321.58,22.21
2025-03-30 13:06:58,423652049,-711365766,321.6,21.79
2025-03-30 13:06:59,423652055,-711365774,321.69,21.48
2025-03-30 13:07:00,423652061,-711365781,321.72,21.19
2025-03-30 13:07:01,423652066,-711365787,321.76,20.95
2025-03-30 13:07:02,423652072,-711365790,321.56,20.73
2025-03-30 13:07:03,423652076,-711365794,321.55,20.54
2025-03-30 13:07:04,423652079,-711365796,321.47,20.43
2025-03-30 13:07:05,423652082,-711365798,321.4,20.31
2025-03-30 13:07:06,423652085,-711365796,321.09,20.25
2025-03-30 13:07:07,423652089,-711365793,320.65,20.19
2025-03-30 13:07:08,423652094,-711365790,320.14,20.1
2025-03-30 13:07:09,423652098,-711365788,319.75,20.03
2025-03-30 13:07:10,423652103,-711365788,319.41,19.89
2025-03-30 13:07:11,423652108,-711365787,319.01,19.77
2025-03-30 13:07:12,423652113,-711365786,318.6,19.65
2025-03-30 13:07:13,423652117,-711365783,318.14,19.59
2025-03-30 13:07:14,423652121,-711365782,317.8,19.5
2025-03-30 13:07:15,423652128,-711365780,317.17,19.35
2025-03-30 13:07:16,423652134,-711365779,316.67,19.21
2025-03-30 13:07:17,423652141,-711365783,316.38,18.95
2025-03-30 13:07:18,423652150,-711365785,315.8,18.67
2025-03-30 13:07:19,423652155,-711365787,315.53,18.51
2025-03-30 13:07:20,423652160,-711365789,315.25,18.34
2025-03-30 13:07:21,423652165,-711365791,314.96,18.17
2025-03-30 13:07:22,423652170,-711365789,314.43,18.08
2025-03-30 13:07:23,423652175,-711365784,313.72,18.05
2025-03-30 13:07:24,423652178,-711365779,313.18,18.07
2025-03-30 13:07:25,423652180,-711365773,312.66,18.14
2025-03-30 13:07:26,423652182,-711365766,312.09,18.23
2025-03-30 13:07:27,423652183,-711365758,311.55,18.37
2025-03-30 13:07:28,423652183,-711365749,311.06,18.55
2025-03-30 13:07:29,423652182,-711365741,310.71,18.74
2025-03-30 13:07:30,423652180,-711365731,310.34,18.99
2025-03-30 13:07:31,423652179,-711365722,309.96,19.2
2025-03-30 13:07:32,423652179,-711365715,309.6,19.35
2025-03-30 13:07:33,423652180,-711365707,309.11,19.49
2025-03-30 13:07:34,423652182,-711365702,308.7,19.55
2025-03-30 13:07:35,423652186,-711365698,308.17,19.54
2025-03-30 13:07:36,423652189,-711365696,307.81,19.52
2025-03-30 13:07:37,423652194,-711365694,307.29,19.45
2025-03-30 13:07:38,423652199,-711365693,306.82,19.36
2025-03-30 13:07:39,423652205,-711365690,306.15,19.29
2025-03-30 13:07:40,423652208,-711365686,305.7,19.32
2025-03-30 13:07:41,423652211,-711365684,305.34,19.3
2025-03-30 13:07:42,423652215,-711365685,305.03,19.19
2025-03-30 13:07:43,423652222,-711365688,304.54,18.98
2025-03-30 13:07:44,423652231,-711365687,303.67,18.82
2025-03-30 13:07:45,423652238,-711365690,303.16,18.61
2025-03-30 13:07:46,423652244,-711365693,302.72,18.42
2025-03-30 13:07:47,423652249,-711365696,302.38,18.26
2025-03-30 13:07:48,423652253,-711365698,302.08,18.13
2025-03-30 13:07:49,423652257,-711365698,301.69,18.06
2025-03-30 13:07:50,423652261,-711365699,301.34,17.96
2025-03-30 13:07:51,423652267,-711365699,300.74,17.84
2025-03-30 13:07:52,423652273,-711365700,300.17,17.71
2025-03-30 13:07:53,423652278,-711365703,299.79,17.55
2025-03-30 13:07:54,423652284,-711365705,299.25,17.39
2025-03-30 13:07:55,423652288,-711365707,298.92,17.28
2025-03-30 13:07:56,423652292,-711365709,298.58,17.16
2025-03-30 13:07:57,423652296,-711365712,298.28,17.02
2025-03-30 13:07:58,423652300,-711365716,298.02,16.85
2025-03-30 13:07:59,423652304,-711365721,297.79,16.67
2025-03-30 13:08:00,423652309,-711365723,297.32,16.53
2025-03-30 13:08:01,423652311,-711365726,297.22,16.43
2025-03-30 13:08:02,423652313,-711365727,297.04,16.37
2025-03-30 13:08:03,423652313,-711365727,297.04,16.37
2025-03-30 13:08:04,423652313,-711365728,297.08,16.35
