Timestamp,Lat,Lon,Distance
2025-03-30 12:29:52,423652102,-711365944,17.48
2025-03-30 12:29:52,423652089,-711365947,17.85
2025-03-30 12:29:54,423652075,-711365954,18.21
2025-03-30 12:29:54,423652057,-711365959,18.73
2025-03-30 12:29:56,423652046,-711365962,19.06
2025-03-30 12:29:57,423652037,-711365965,19.32
2025-03-30 12:29:57,423652027,-711365969,19.61
2025-03-30 12:29:58,423652012,-711365964,20.16
2025-03-30 12:29:59,423652001,-711365961,20.56
2025-03-30 12:30:00,423652000,-711365965,20.55
2025-03-30 12:30:01,423651998,-711365967,20.6
2025-03-30 12:30:02,423651996,-711365972,20.61
2025-03-30 12:30:03,423651997,-711365976,20.54
2025-03-30 12:30:04,423652000,-711365982,20.38
2025-03-30 12:30:05,423652002,-711365986,20.27
2025-03-30 12:30:06,423652002,-711365989,20.24
2025-03-30 12:30:07,423652002,-711365991,20.22
2025-03-30 12:30:09,423652005,-711365992,20.11
2025-03-30 12:30:09,423652010,-711365994,19.92
2025-03-30 12:30:10,423652015,-711365996,19.73
2025-03-30 12:30:11,423652022,-711365994,19.51
2025-03-30 12:30:12,423652028,-711365989,19.36
2025-03-30 12:30:13,423652033,-711365986,19.22
2025-03-30 12:30:14,423652034,-711365979,19.27
2025-03-30 12:30:15,423652034,-711365971,19.35
2025-03-30 12:30:16,423652035,-711365963,19.41
2025-03-30 12:30:17,423652041,-711365956,19.29
2025-03-30 12:30:18,423652041,-711365949,19.38
2025-03-30 12:30:19,423652054,-711365951,18.93
2025-03-30 12:30:20,423652066,-711365944,18.63
2025-03-30 12:30:21,423652073,-711365942,18.43
2025-03-30 12:30:22,423652079,-711365941,18.25
2025-03-30 12:30:23,423652081,-711365943,18.16
2025-03-30 12:30:24,423652080,-711365945,18.16
2025-03-30 12:30:25,423652079,-711365945,18.2
2025-03-30 12:30:26,423652079,-711365947,18.17
2025-03-30 12:30:27,423652080,-711365948,18.13
2025-03-30 12:30:28,423652082,-711365948,18.06
2025-03-30 12:30:29,423652083,-711365950,18.0
2025-03-30 12:30:30,423652085,-711365953,17.9
2025-03-30 12:30:31,423652088,-711365956,17.77
2025-03-30 12:30:32,423652091,-711365957,17.66
2025-03-30 12:30:33,423652091,-711365957,17.66
2025-03-30 12:30:34,423652093,-711365957,17.59
2025-03-30 12:30:35,423652095,-711365957,17.53
2025-03-30 12:30:36,423652096,-711365957,17.5
2025-03-30 12:30:37,423652097,-711365960,17.43
2025-03-30 12:30:38,423652098,-711365962,17.37
2025-03-30 12:30:39,423652098,-711365963,17.36
2025-03-30 12:30:40,423652101,-711365962,17.27
2025-03-30 12:30:41,423652105,-711365963,17.13
2025-03-30 12:30:42,423652113,-711365962,16.89
2025-03-30 12:30:43,423652121,-711365959,16.68
2025-03-30 12:30:44,423652128,-711365953,16.54
2025-03-30 12:30:45,423652135,-711365949,16.38
2025-03-30 12:30:46,423652140,-711365946,16.26
2025-03-30 12:30:47,423652146,-711365943,16.12
2025-03-30 12:30:48,423652152,-711365938,16.01
2025-03-30 12:30:49,423652160,-711365933,15.85
2025-03-30 12:30:50,423652166,-711365932,15.68
2025-03-30 12:30:51,423652172,-711365932,15.51
2025-03-30 12:30:52,423652177,-711365933,15.34
2025-03-30 12:30:53,423652180,-711365932,15.27
2025-03-30 12:30:54,423652184,-711365932,15.15
2025-03-30 12:30:55,423652186,-711365930,15.13
2025-03-30 12:30:56,423652187,-711365926,15.16
2025-03-30 12:30:57,423652189,-711365922,15.17
2025-03-30 12:30:58,423652189,-711365911,15.36
2025-03-30 12:30:59,423652191,-711365904,15.42
2025-03-30 12:31:00,423652190,-711365891,15.67
2025-03-30 12:31:01,423652188,-711365879,15.94
2025-03-30 12:31:02,423652187,-711365876,16.02
2025-03-30 12:31:03,423652187,-711365873,16.07
2025-03-30 12:31:04,423652187,-711365873,16.07
2025-03-30 12:31:05,423652188,-711365871,16.08
2025-03-30 12:31:06,423652189,-711365871,16.05
2025-03-30 12:31:07,423652189,-711365871,16.05
2025-03-30 12:31:08,423652189,-711365867,16.12
2025-03-30 12:31:09,423652188,-711365866,16.17
2025-03-30 12:31:10,423652188,-711365864,16.21
2025-03-30 12:31:12,423652189,-711365862,16.22
2025-03-30 12:31:13,423652191,-711365856,16.27
2025-03-30 12:31:13,423652193,-711365854,16.26
2025-03-30 12:31:14,423652195,-711365853,16.22
2025-03-30 12:31:16,423652198,-711365850,16.2
2025-03-30 12:31:17,423652201,-711365851,16.1
2025-03-30 12:31:18,423652209,-711365845,16.01
2025-03-30 12:31:19,423652214,-711365843,15.92
2025-03-30 12:31:20,423652215,-711365840,15.95
2025-03-30 12:31:21,423652218,-711365836,15.96
2025-03-30 12:31:22,423652220,-711365834,15.95
2025-03-30 12:31:23,423652220,-711365833,15.96
2025-03-30 12:31:24,423652220,-711365835,15.93
2025-03-30 12:31:25,423652219,-711365836,15.93
2025-03-30 12:31:26,423652217,-711365838,15.94
2025-03-30 12:31:26,423652215,-711365842,15.91
2025-03-30 12:31:28,423652214,-711365847,15.84
2025-03-30 12:31:28,423652212,-711365854,15.76
2025-03-30 12:31:30,423652208,-711365861,15.73
2025-03-30 12:31:31,423652205,-711365871,15.62
2025-03-30 12:31:32,423652204,-711365879,15.5
2025-03-30 12:31:33,423652202,-711365888,15.39
2025-03-30 12:31:34,423652201,-711365892,15.35
2025-03-30 12:31:35,423652201,-711365900,15.21
2025-03-30 12:31:36,423652204,-711365907,15.0
2025-03-30 12:31:37,423652206,-711365913,14.84
2025-03-30 12:31:38,423652199,-711365916,14.99
2025-03-30 12:31:39,423652196,-711365919,15.02
2025-03-30 12:31:40,423652194,-711365921,15.04
2025-03-30 12:31:41,423652191,-711365923,15.1
2025-03-30 12:31:42,423652184,-711365926,15.25
2025-03-30 12:31:43,423652184,-711365931,15.17
2025-03-30 12:31:44,423652184,-711365939,15.04
2025-03-30 12:31:45,423652180,-711365949,15.0
2025-03-30 12:31:45,423652174,-711365955,15.09
2025-03-30 12:31:47,423652169,-711365959,15.18
2025-03-30 12:31:47,423652169,-711365965,15.1
2025-03-30 12:31:48,423652170,-711365972,14.96
2025-03-30 12:31:49,423652171,-711365981,14.8
2025-03-30 12:31:50,423652172,-711365985,14.72
2025-03-30 12:31:51,423652175,-711365991,14.54
2025-03-30 12:31:52,423652178,-711365994,14.4
2025-03-30 12:31:53,423652181,-711366001,14.21
2025-03-30 12:31:54,423652185,-711366007,14.01
2025-03-30 12:31:55,423652190,-711366013,13.77
2025-03-30 12:31:56,423652193,-711366020,13.58
2025-03-30 12:31:57,423652195,-711366027,13.42
2025-03-30 12:31:58,423652200,-711366034,13.17
2025-03-30 12:31:59,423652206,-711366040,12.9
2025-03-30 12:32:00,423652213,-711366043,12.64
2025-03-30 12:32:01,423652222,-711366048,12.29
2025-03-30 12:32:02,423652226,-711366050,12.13
2025-03-30 12:32:03,423652231,-711366053,11.94
2025-03-30 12:32:04,423652235,-711366055,11.78
2025-03-30 12:32:05,423652241,-711366057,11.56
2025-03-30 12:32:06,423652242,-711366060,11.49
2025-03-30 12:32:07,423652244,-711366063,11.39
2025-03-30 12:32:08,423652245,-711366065,11.33
2025-03-30 12:32:09,423652247,-711366069,11.22
2025-03-30 12:32:10,423652249,-711366073,11.1
2025-03-30 12:32:11,423652249,-711366075,11.07
2025-03-30 12:32:12,423652253,-711366076,10.93
2025-03-30 12:32:13,423652255,-711366079,10.83
2025-03-30 12:32:14,423652259,-711366083,10.65
2025-03-30 12:32:15,423652266,-711366088,10.36
2025-03-30 12:32:16,423652271,-711366093,10.14
2025-03-30 12:32:17,423652277,-711366096,9.91
2025-03-30 12:32:18,423652285,-711366100,9.6
2025-03-30 12:32:19,423652291,-711366100,9.41
2025-03-30 12:32:20,423652299,-711366100,9.15
2025-03-30 12:32:21,423652305,-711366098,8.99
2025-03-30 12:32:22,423652310,-711366094,8.89
2025-03-30 12:32:23,423652314,-711366090,8.82
2025-03-30 12:32:24,423652317,-711366086,8.79
2025-03-30 12:32:25,423652320,-711366080,8.79
2025-03-30 12:32:26,423652322,-711366075,8.81
2025-03-30 12:32:27,423652321,-711366068,8.95
2025-03-30 12:32:28,423652320,-711366063,9.07
2025-03-30 12:32:29,423652324,-711366064,8.93
2025-03-30 12:32:30,423652328,-711366063,8.84
2025-03-30 12:32:31,423652330,-711366060,8.83
2025-03-30 12:32:32,423652333,-711366056,8.82
2025-03-30 12:32:33,423652336,-711366054,8.77
2025-03-30 12:32:34,423652339,-711366051,8.74
2025-03-30 12:32:35,423652337,-711366046,8.88
2025-03-30 12:32:36,423652335,-711366041,9.03
2025-03-30 12:32:37,423652332,-711366034,9.24
2025-03-30 12:32:38,423652328,-711366027,9.47
2025-03-30 12:32:39,423652325,-711366024,9.61
2025-03-30 12:32:40,423652323,-711366024,9.66
2025-03-30 12:32:41,423652322,-711366026,9.65
2025-03-30 12:32:42,423652321,-711366028,9.64
2025-03-30 12:32:43,423652321,-711366030,9.61
2025-03-30 12:32:44,423652318,-711366032,9.65
2025-03-30 12:32:45,423652316,-711366033,9.69
2025-03-30 12:32:46,423652313,-711366033,9.77
2025-03-30 12:32:47,423652314,-711366032,9.76
2025-03-30 12:32:48,423652313,-711366030,9.83
2025-03-30 12:32:49,423652314,-711366028,9.83
2025-03-30 12:32:50,423652314,-711366027,9.85
2025-03-30 12:32:51,423652318,-711366027,9.74
2025-03-30 12:32:52,423652321,-711366026,9.68
2025-03-30 12:32:54,423652324,-711366024,9.63
2025-03-30 12:32:55,423652326,-711366021,9.64
2025-03-30 12:32:55,423652327,-711366020,9.63
2025-03-30 12:32:57,423652328,-711366018,9.64
2025-03-30 12:32:58,423652328,-711366018,9.64
2025-03-30 12:32:59,423652330,-711366017,9.61
2025-03-30 12:33:00,423652331,-711366017,9.58
2025-03-30 12:33:01,423652334,-711366018,9.49
2025-03-30 12:33:02,423652335,-711366020,9.42
2025-03-30 12:33:03,423652336,-711366021,9.38
2025-03-30 12:33:04,423652338,-711366021,9.33
2025-03-30 12:33:05,423652347,-711366023,9.06
2025-03-30 12:33:06,423652348,-711366021,9.07
2025-03-30 12:33:07,423652352,-711366020,9.0
2025-03-30 12:33:08,423652358,-711366020,8.85
2025-03-30 12:33:09,423652363,-711366020,8.73
2025-03-30 12:33:10,423652369,-711366021,8.57
2025-03-30 12:33:11,423652374,-711366021,8.46
2025-03-30 12:33:12,423652378,-711366022,8.35
2025-03-30 12:33:13,423652383,-711366026,8.15
2025-03-30 12:33:14,423652387,-711366028,8.02
2025-03-30 12:33:15,423652389,-711366032,7.89
2025-03-30 12:33:16,423652394,-711366038,7.65
2025-03-30 12:33:16,423652396,-711366036,7.65
2025-03-30 12:33:18,423652399,-711366030,7.73
2025-03-30 12:33:19,423652402,-711366028,7.71
2025-03-30 12:33:20,423652402,-711366031,7.64
2025-03-30 12:33:21,423652403,-711366033,7.58
2025-03-30 12:33:22,423652402,-711366040,7.44
2025-03-30 12:33:23,423652404,-711366046,7.27
2025-03-30 12:33:24,423652407,-711366056,6.98
2025-03-30 12:33:24,423652411,-711366065,6.7
2025-03-30 12:33:25,423652414,-711366069,6.55
2025-03-30 12:33:26,423652421,-711366071,6.36
2025-03-30 12:33:27,423652425,-711366076,6.17
2025-03-30 12:33:28,423652427,-711366080,6.04
2025-03-30 12:33:29,423652426,-711366081,6.04
2025-03-30 12:33:30,423652425,-711366083,6.01
2025-03-30 12:33:31,423652424,-711366083,6.03
2025-03-30 12:33:32,423652423,-711366084,6.03
2025-03-30 12:33:33,423652422,-711366086,6.01
2025-03-30 12:33:34,423652417,-711366086,6.11
2025-03-30 12:33:36,423652422,-711366089,5.94
2025-03-30 12:33:36,423652426,-711366090,5.83
2025-03-30 12:33:37,423652427,-711366096,5.68
2025-03-30 12:33:38,423652431,-711366100,5.51
2025-03-30 12:33:39,423652432,-711366101,5.47
2025-03-30 12:33:40,423652429,-711366098,5.59
2025-03-30 12:33:41,423652437,-711366094,5.52
2025-03-30 12:33:43,423652440,-711366095,5.44
2025-03-30 12:33:43,423652443,-711366096,5.36
2025-03-30 12:33:44,423652443,-711366095,5.39
2025-03-30 12:33:45,423652447,-711366094,5.34
2025-03-30 12:33:46,423652445,-711366096,5.33
2025-03-30 12:33:47,423652444,-711366097,5.32
2025-03-30 12:33:48,423652444,-711366096,5.35
2025-03-30 12:33:49,423652444,-711366100,5.25
2025-03-30 12:33:50,423652442,-711366103,5.22
2025-03-30 12:33:51,423652441,-711366105,5.2
2025-03-30 12:33:52,423652441,-711366104,5.22
2025-03-30 12:33:53,423652440,-711366102,5.28
2025-03-30 12:33:54,423652436,-711366100,5.41
2025-03-30 12:33:55,423652444,-711366101,5.23
2025-03-30 12:33:56,423652451,-711366100,5.13
2025-03-30 12:33:57,423652451,-711366098,5.18
2025-03-30 12:33:58,423652453,-711366098,5.14
2025-03-30 12:33:59,423652449,-711366096,5.26
2025-03-30 12:34:00,423652443,-711366098,5.32
2025-03-30 12:34:01,423652439,-711366106,5.21
2025-03-30 12:34:02,423652424,-711366109,5.47
2025-03-30 12:34:03,423652421,-711366109,5.53
2025-03-30 12:34:04,423652420,-711366109,5.56
2025-03-30 12:34:05,423652425,-711366108,5.46
2025-03-30 12:34:06,423652427,-711366106,5.46
2025-03-30 12:34:07,423652427,-711366104,5.51
2025-03-30 12:34:08,423652430,-711366102,5.49
2025-03-30 12:34:09,423652434,-711366099,5.47
2025-03-30 12:34:10,423652436,-711366097,5.48
2025-03-30 12:34:11,423652438,-711366094,5.5
2025-03-30 12:34:12,423652440,-711366092,5.51
2025-03-30 12:34:13,423652444,-711366093,5.42
2025-03-30 12:34:14,423652443,-711366095,5.39
2025-03-30 12:34:15,423652442,-711366095,5.41
2025-03-30 12:34:16,423652438,-711366096,5.46
2025-03-30 12:34:17,423652434,-711366097,5.51
2025-03-30 12:34:18,423652434,-711366100,5.45
2025-03-30 12:34:19,423652436,-711366103,5.34
2025-03-30 12:34:20,423652435,-711366108,5.25
2025-03-30 12:34:21,423652435,-711366111,5.18
2025-03-30 12:34:22,423652426,-711366119,5.21
2025-03-30 12:34:23,423652425,-711366124,5.13
2025-03-30 12:34:24,423652425,-711366133,4.95
2025-03-30 12:34:25,423652420,-711366140,4.94
2025-03-30 12:34:26,423652416,-711366139,5.07
2025-03-30 12:34:27,423652420,-711366141,4.92
2025-03-30 12:34:28,423652421,-711366140,4.92
2025-03-30 12:34:29,423652411,-711366146,5.08
2025-03-30 12:34:30,423652413,-711366141,5.11
2025-03-30 12:34:31,423652414,-711366137,5.16
2025-03-30 12:34:32,423652420,-711366132,5.1
2025-03-30 12:34:33,423652422,-711366124,5.2
2025-03-30 12:34:34,423652419,-711366117,5.42
2025-03-30 12:34:35,423652419,-711366113,5.5
2025-03-30 12:34:36,423652418,-711366108,5.63
2025-03-30 12:34:38,423652415,-711366102,5.82
2025-03-30 12:34:39,423652418,-711366097,5.86
2025-03-30 12:34:40,423652410,-711366092,6.14
2025-03-30 12:34:41,423652403,-711366088,6.39
2025-03-30 12:34:42,423652398,-711366083,6.61
2025-03-30 12:34:43,423652391,-711366079,6.86
2025-03-30 12:34:44,423652384,-711366072,7.17
2025-03-30 12:34:45,423652381,-711366064,7.41
2025-03-30 12:34:46,423652383,-711366055,7.54
2025-03-30 12:34:47,423652381,-711366050,7.69
2025-03-30 12:34:48,423652377,-711366045,7.89
2025-03-30 12:34:49,423652372,-711366039,8.13
2025-03-30 12:34:50,423652370,-711366035,8.26
2025-03-30 12:34:51,423652366,-711366037,8.31
2025-03-30 12:34:52,423652368,-711366038,8.25
2025-03-30 12:34:53,423652375,-711366041,8.02
2025-03-30 12:34:54,423652389,-711366041,7.7
2025-03-30 12:34:55,423652395,-711366042,7.54
2025-03-30 12:34:56,423652402,-711366047,7.29
2025-03-30 12:34:57,423652408,-711366047,7.16
2025-03-30 12:34:58,423652416,-711366051,6.91
2025-03-30 12:34:59,423652421,-711366051,6.82
2025-03-30 12:35:00,423652428,-711366056,6.57
2025-03-30 12:35:01,423652433,-711366057,6.46
2025-03-30 12:35:02,423652439,-711366057,6.36
2025-03-30 12:35:03,423652445,-711366061,6.17
2025-03-30 12:35:04,423652451,-711366064,6.0
2025-03-30 12:35:05,423652461,-711366067,5.79
2025-03-30 12:35:06,423652453,-711366070,5.83
2025-03-30 12:35:06,423652441,-711366075,5.89
2025-03-30 12:35:08,423652426,-711366077,6.13
2025-03-30 12:35:08,423652416,-711366084,6.18
2025-03-30 12:35:09,423652413,-711366089,6.14
2025-03-30 12:35:11,423652405,-711366095,6.2
2025-03-30 12:35:12,423652392,-711366099,6.45
2025-03-30 12:35:12,423652387,-711366101,6.54
2025-03-30 12:35:14,423652383,-711366106,6.55
2025-03-30 12:35:14,423652382,-711366109,6.53
2025-03-30 12:35:16,423652381,-711366110,6.54
2025-03-30 12:35:16,423652377,-711366113,6.6
2025-03-30 12:35:18,423652368,-711366114,6.84
2025-03-30 12:35:18,423652361,-711366116,7.01
2025-03-30 12:35:19,423652358,-711366116,7.1
2025-03-30 12:35:20,423652351,-711366120,7.25
2025-03-30 12:35:21,423652344,-711366126,7.38
2025-03-30 12:35:23,423652339,-711366124,7.57
2025-03-30 12:35:23,423652342,-711366123,7.49
2025-03-30 12:35:24,423652351,-711366119,7.27
2025-03-30 12:35:25,423652364,-711366113,6.97
2025-03-30 12:35:26,423652375,-711366108,6.74
2025-03-30 12:35:27,423652383,-711366103,6.61
2025-03-30 12:35:28,423652389,-711366098,6.54
2025-03-30 12:35:29,423652396,-711366091,6.5
2025-03-30 12:35:30,423652397,-711366082,6.66
2025-03-30 12:35:31,423652395,-711366075,6.85
2025-03-30 12:35:32,423652396,-711366073,6.86
2025-03-30 12:35:33,423652402,-711366078,6.62
2025-03-30 12:35:34,423652406,-711366083,6.42
2025-03-30 12:35:35,423652413,-711366086,6.2
2025-03-30 12:35:36,423652415,-711366087,6.14
2025-03-30 12:35:37,423652414,-711366092,6.05
2025-03-30 12:35:38,423652418,-711366098,5.83
2025-03-30 12:35:39,423652420,-711366106,5.62
2025-03-30 12:35:40,423652422,-711366115,5.39
2025-03-30 12:35:41,423652423,-711366124,5.18
2025-03-30 12:35:42,423652423,-711366135,4.96
2025-03-30 12:35:43,423652427,-711366144,4.69
2025-03-30 12:35:44,423652436,-711366153,4.28
2025-03-30 12:35:45,423652442,-711366160,4.0
2025-03-30 12:35:46,423652446,-711366162,3.86
2025-03-30 12:35:47,423652450,-711366173,3.54
2025-03-30 12:35:48,423652448,-711366177,3.51
2025-03-30 12:35:49,423652451,-711366186,3.27
2025-03-30 12:35:50,423652450,-711366194,3.15
2025-03-30 12:35:51,423652451,-711366198,3.06
2025-03-30 12:35:52,423652446,-711366204,3.11
2025-03-30 12:35:53,423652443,-711366202,3.23
2025-03-30 12:35:54,423652441,-711366204,3.27
2025-03-30 12:35:55,423652435,-711366208,3.4
2025-03-30 12:35:56,423652429,-711366212,3.55
2025-03-30 12:35:57,423652427,-711366220,3.53
2025-03-30 12:35:58,423652420,-711366222,3.75
2025-03-30 12:35:59,423652410,-711366221,4.1
2025-03-30 12:36:00,423652403,-711366225,4.32
2025-03-30 12:36:01,423652394,-711366229,4.61
2025-03-30 12:36:02,423652385,-711366231,4.92
2025-03-30 12:36:03,423652381,-711366231,5.06
2025-03-30 12:36:04,423652379,-711366232,5.13
2025-03-30 12:36:05,423652377,-711366234,5.19
2025-03-30 12:36:06,423652374,-711366232,5.31
2025-03-30 12:36:07,423652371,-711366227,5.44
2025-03-30 12:36:08,423652369,-711366222,5.54
2025-03-30 12:36:09,423652370,-711366217,5.54
2025-03-30 12:36:10,423652369,-711366214,5.59
2025-03-30 12:36:11,423652370,-711366202,5.65
2025-03-30 12:36:12,423652372,-711366195,5.64
2025-03-30 12:36:13,423652371,-711366192,5.71
2025-03-30 12:36:14,423652371,-711366184,5.79
2025-03-30 12:36:15,423652373,-711366177,5.8
2025-03-30 12:36:16,423652377,-711366169,5.76
2025-03-30 12:36:18,423652384,-711366162,5.63
2025-03-30 12:36:19,423652392,-711366151,5.54
2025-03-30 12:36:20,423652396,-711366142,5.57
2025-03-30 12:36:21,423652396,-711366137,5.65
2025-03-30 12:36:22,423652396,-711366131,5.76
2025-03-30 12:36:23,423652398,-711366124,5.82
2025-03-30 12:36:24,423652397,-711366116,6.0
2025-03-30 12:36:25,423652396,-711366110,6.13
2025-03-30 12:36:26,423652393,-711366105,6.31
2025-03-30 12:36:27,423652392,-711366100,6.43
2025-03-30 12:36:28,423652399,-711366093,6.39
2025-03-30 12:36:29,423652404,-711366088,6.37
2025-03-30 12:36:30,423652406,-711366083,6.42
2025-03-30 12:36:31,423652407,-711366077,6.53
2025-03-30 12:36:32,423652408,-711366073,6.59
2025-03-30 12:36:33,423652408,-711366069,6.68
2025-03-30 12:36:34,423652413,-711366065,6.66
2025-03-30 12:36:35,423652413,-711366062,6.73
2025-03-30 12:36:36,423652410,-711366059,6.85
2025-03-30 12:36:37,423652408,-711366057,6.94
2025-03-30 12:36:38,423652413,-711366053,6.93
2025-03-30 12:36:39,423652417,-711366049,6.94
2025-03-30 12:36:40,423652415,-711366050,6.96
2025-03-30 12:36:41,423652410,-711366055,6.94
2025-03-30 12:36:42,423652405,-711366059,6.96
2025-03-30 12:36:43,423652403,-711366064,6.89
2025-03-30 12:36:43,423652400,-711366069,6.85
2025-03-30 12:36:44,423652396,-711366075,6.82
2025-03-30 12:36:45,423652393,-711366078,6.83
2025-03-30 12:36:46,423652380,-711366081,7.1
2025-03-30 12:36:48,423652369,-711366085,7.31
2025-03-30 12:36:48,423652366,-711366083,7.43
2025-03-30 12:36:50,423652353,-711366087,7.72
2025-03-30 12:36:51,423652336,-711366088,8.19
2025-03-30 12:36:52,423652321,-711366092,8.58
2025-03-30 12:36:52,423652326,-711366090,8.46
2025-03-30 12:36:54,423652323,-711366094,8.49
2025-03-30 12:36:54,423652321,-711366104,8.41
2025-03-30 12:36:55,423652326,-711366107,8.21
2025-03-30 12:36:56,423652328,-711366108,8.13
2025-03-30 12:36:58,423652330,-711366108,8.07
2025-03-30 12:36:58,423652331,-711366113,7.97
2025-03-30 12:37:00,423652332,-711366117,7.88
2025-03-30 12:37:00,423652331,-711366121,7.86
2025-03-30 12:37:02,423652334,-711366123,7.74
2025-03-30 12:37:03,423652334,-711366124,7.72
2025-03-30 12:37:03,423652332,-711366122,7.81
2025-03-30 12:37:04,423652332,-711366126,7.76
2025-03-30 12:37:05,423652335,-711366125,7.68
2025-03-30 12:37:06,423652338,-711366131,7.5
2025-03-30 12:37:07,423652337,-711366131,7.53
2025-03-30 12:37:08,423652339,-711366139,7.37
2025-03-30 12:37:09,423652341,-711366144,7.24
2025-03-30 12:37:10,423652342,-711366150,7.13
2025-03-30 12:37:11,423652340,-711366156,7.13
2025-03-30 12:37:12,423652342,-711366160,7.02
2025-03-30 12:37:13,423652349,-711366161,6.77
2025-03-30 12:37:14,423652353,-711366160,6.65
2025-03-30 12:37:15,423652352,-711366166,6.62
2025-03-30 12:37:16,423652354,-711366170,6.51
2025-03-30 12:37:17,423652357,-711366174,6.36
2025-03-30 12:37:18,423652362,-711366171,6.23
2025-03-30 12:37:19,423652368,-711366167,6.08
2025-03-30 12:37:20,423652370,-711366171,5.97
2025-03-30 12:37:21,423652372,-711366174,5.87
2025-03-30 12:37:22,423652374,-711366180,5.73
2025-03-30 12:37:23,423652373,-711366182,5.74
2025-03-30 12:37:24,423652372,-711366185,5.74
2025-03-30 12:37:25,423652368,-711366187,5.86
2025-03-30 12:37:26,423652368,-711366188,5.85
2025-03-30 12:37:27,423652366,-711366190,5.9
2025-03-30 12:37:28,423652365,-711366190,5.93
2025-03-30 12:37:29,423652361,-711366189,6.08
2025-03-30 12:37:30,423652356,-711366185,6.29
2025-03-30 12:37:31,423652352,-711366183,6.44
2025-03-30 12:37:32,423652348,-711366178,6.63
2025-03-30 12:37:33,423652345,-711366172,6.79
2025-03-30 12:37:34,423652341,-711366167,6.97
2025-03-30 12:37:35,423652338,-711366163,7.12
2025-03-30 12:37:36,423652333,-711366158,7.34
2025-03-30 12:37:37,423652329,-711366150,7.56
2025-03-30 12:37:38,423652326,-711366143,7.74
2025-03-30 12:37:39,423652322,-711366137,7.94
2025-03-30 12:37:40,423652314,-711366133,8.25
2025-03-30 12:37:41,423652306,-711366127,8.58
2025-03-30 12:37:42,423652309,-711366121,8.56
2025-03-30 12:37:43,423652306,-711366119,8.68
2025-03-30 12:37:44,423652303,-711366112,8.87
2025-03-30 12:37:45,423652306,-711366109,8.81
2025-03-30 12:37:46,423652306,-711366105,8.86
2025-03-30 12:37:47,423652308,-711366100,8.87
2025-03-30 12:37:48,423652305,-711366095,9.03
2025-03-30 12:37:49,423652297,-711366093,9.31
2025-03-30 12:37:50,423652301,-711366091,9.21
2025-03-30 12:37:51,423652307,-711366083,9.14
2025-03-30 12:37:52,423652311,-711366076,9.12
2025-03-30 12:37:53,423652320,-711366067,9.0
2025-03-30 12:37:54,423652323,-711366061,9.01
2025-03-30 12:37:55,423652319,-711366058,9.18
2025-03-30 12:37:56,423652319,-711366057,9.19
2025-03-30 12:37:57,423652321,-711366056,9.15
2025-03-30 12:37:59,423652318,-711366058,9.21
2025-03-30 12:38:00,423652318,-711366059,9.19
2025-03-30 12:38:01,423652311,-711366060,9.38
2025-03-30 12:38:02,423652305,-711366057,9.6
2025-03-30 12:38:03,423652299,-711366055,9.81
2025-03-30 12:38:04,423652293,-711366053,10.02
2025-03-30 12:38:05,423652284,-711366047,10.38
2025-03-30 12:38:06,423652276,-711366044,10.67
2025-03-30 12:38:07,423652269,-711366041,10.92
2025-03-30 12:38:08,423652261,-711366039,11.19
2025-03-30 12:38:09,423652259,-711366038,11.27
2025-03-30 12:38:10,423652254,-711366035,11.47
2025-03-30 12:38:11,423652247,-711366029,11.77
2025-03-30 12:38:12,423652245,-711366028,11.85
2025-03-30 12:38:13,423652241,-711366024,12.03
2025-03-30 12:38:14,423652233,-711366020,12.33
2025-03-30 12:38:15,423652227,-711366017,12.56
2025-03-30 12:38:16,423652218,-711366012,12.91
2025-03-30 12:38:17,423652207,-711366006,13.33
2025-03-30 12:38:18,423652206,-711366003,13.41
2025-03-30 12:38:19,423652200,-711366000,13.64
2025-03-30 12:38:20,423652196,-711365999,13.77
2025-03-30 12:38:21,423652191,-711365999,13.93
2025-03-30 12:38:22,423652187,-711365999,14.05
2025-03-30 12:38:23,423652186,-711365999,14.09
2025-03-30 12:38:24,423652178,-711365995,14.39
2025-03-30 12:38:26,423652178,-711365988,14.49
2025-03-30 12:38:26,423652165,-711365992,14.84
2025-03-30 12:38:27,423652168,-711365999,14.65
2025-03-30 12:38:28,423652169,-711366002,14.58
2025-03-30 12:38:29,423652171,-711366005,14.48
2025-03-30 12:38:30,423652172,-711366010,14.38
2025-03-30 12:38:31,423652176,-711366013,14.21
2025-03-30 12:38:32,423652180,-711366013,14.09
2025-03-30 12:38:33,423652185,-711366015,13.9
2025-03-30 12:38:34,423652187,-711366015,13.84
2025-03-30 12:38:36,423652193,-711366013,13.67
2025-03-30 12:38:36,423652196,-711366016,13.54
2025-03-30 12:38:37,423652203,-711366015,13.33
2025-03-30 12:38:38,423652209,-711366014,13.16
2025-03-30 12:38:39,423652217,-711366011,12.95
2025-03-30 12:38:40,423652222,-711366014,12.76
2025-03-30 12:38:41,423652225,-711366014,12.66
2025-03-30 12:38:42,423652229,-711366013,12.56
2025-03-30 12:38:43,423652240,-711366012,12.24
2025-03-30 12:38:44,423652250,-711366010,11.97
2025-03-30 12:38:45,423652261,-711366011,11.63
2025-03-30 12:38:46,423652262,-711366013,11.57
2025-03-30 12:38:47,423652270,-711366015,11.3
2025-03-30 12:38:48,423652279,-711366020,10.96
2025-03-30 12:38:49,423652287,-711366027,10.61
2025-03-30 12:38:50,423652288,-711366032,10.5
2025-03-30 12:38:51,423652294,-711366029,10.38
2025-03-30 12:38:52,423652303,-711366031,10.09
2025-03-30 12:38:53,423652308,-711366029,9.98
2025-03-30 12:38:54,423652305,-711366033,10.0
2025-03-30 12:38:55,423652309,-711366037,9.82
2025-03-30 12:38:56,423652316,-711366041,9.55
2025-03-30 12:38:57,423652320,-711366043,9.4
2025-03-30 12:38:58,423652325,-711366044,9.25
2025-03-30 12:38:59,423652330,-711366047,9.06
2025-03-30 12:39:00,423652335,-711366059,8.71
2025-03-30 12:39:01,423652338,-711366059,8.62
2025-03-30 12:39:02,423652342,-711366058,8.53
2025-03-30 12:39:03,423652345,-711366056,8.49
2025-03-30 12:39:04,423652349,-711366063,8.25
2025-03-30 12:39:05,423652351,-711366064,8.18
2025-03-30 12:39:06,423652343,-711366061,8.45
2025-03-30 12:39:07,423652332,-711366053,8.9
2025-03-30 12:39:08,423652321,-711366048,9.29
2025-03-30 12:39:09,423652316,-711366043,9.52
2025-03-30 12:39:10,423652309,-711366042,9.73
2025-03-30 12:39:11,423652302,-711366042,9.93
2025-03-30 12:39:12,423652292,-711366040,10.25
2025-03-30 12:39:14,423652283,-711366040,10.52
2025-03-30 12:39:15,423652273,-711366045,10.74
2025-03-30 12:39:16,423652264,-711366041,11.07
2025-03-30 12:39:17,423652252,-711366044,11.4
2025-03-30 12:39:18,423652244,-711366048,11.59
2025-03-30 12:39:19,423652236,-711366051,11.8
2025-03-30 12:39:20,423652229,-711366056,11.96
2025-03-30 12:39:21,423652222,-711366057,12.17
2025-03-30 12:39:22,423652218,-711366063,12.23
2025-03-30 12:39:23,423652214,-711366070,12.27
2025-03-30 12:39:24,423652207,-711366073,12.47
2025-03-30 12:39:25,423652202,-711366076,12.6
2025-03-30 12:39:26,423652199,-711366078,12.68
2025-03-30 12:39:27,423652198,-711366082,12.67
2025-03-30 12:39:28,423652197,-711366088,12.64
2025-03-30 12:39:29,423652193,-711366093,12.73
2025-03-30 12:39:30,423652190,-711366095,12.81
2025-03-30 12:39:31,423652186,-711366098,12.92
2025-03-30 12:39:32,423652183,-711366099,13.01
2025-03-30 12:39:33,423652181,-711366098,13.09
2025-03-30 12:39:34,423652178,-711366096,13.21
2025-03-30 12:39:35,423652177,-711366092,13.28
2025-03-30 12:39:36,423652174,-711366086,13.44
2025-03-30 12:39:37,423652172,-711366081,13.56
2025-03-30 12:39:37,423652169,-711366075,13.72
2025-03-30 12:39:38,423652165,-711366070,13.91
2025-03-30 12:39:40,423652163,-711366064,14.04
2025-03-30 12:39:41,423652158,-711366059,14.26
2025-03-30 12:39:42,423652154,-711366053,14.46
2025-03-30 12:39:43,423652150,-711366045,14.68
2025-03-30 12:39:44,423652146,-711366040,14.86
2025-03-30 12:39:45,423652142,-711366034,15.06
2025-03-30 12:39:46,423652137,-711366026,15.32
2025-03-30 12:39:47,423652131,-711366021,15.58
2025-03-30 12:39:48,423652128,-711366018,15.71
2025-03-30 12:39:48,423652123,-711366014,15.92
2025-03-30 12:39:50,423652117,-711366014,16.12
2025-03-30 12:39:50,423652114,-711366014,16.22
2025-03-30 12:39:52,423652110,-711366013,16.36
2025-03-30 12:39:53,423652105,-711366012,16.54
2025-03-30 12:39:53,423652101,-711366012,16.67
2025-03-30 12:39:54,423652097,-711366012,16.8
2025-03-30 12:39:55,423652093,-711366014,16.92
2025-03-30 12:39:57,423652093,-711366015,16.9
2025-03-30 12:39:57,423652091,-711366016,16.96
2025-03-30 12:39:58,423652091,-711366018,16.94
2025-03-30 12:39:59,423652089,-711366020,16.98
2025-03-30 12:40:00,423652085,-711366023,17.09
2025-03-30 12:40:01,423652082,-711366024,17.18
2025-03-30 12:40:02,423652080,-711366029,17.19
2025-03-30 12:40:03,423652078,-711366033,17.22
2025-03-30 12:40:04,423652078,-711366040,17.15
2025-03-30 12:40:05,423652073,-711366046,17.27
2025-03-30 12:40:06,423652071,-711366058,17.23
2025-03-30 12:40:07,423652069,-711366072,17.18
2025-03-30 12:40:08,423652069,-711366082,17.1
2025-03-30 12:40:09,423652069,-711366092,17.02
2025-03-30 12:40:10,423652068,-711366104,16.97
2025-03-30 12:40:11,423652064,-711366116,17.03
2025-03-30 12:40:12,423652061,-711366127,17.06
2025-03-30 12:40:13,423652056,-711366137,17.18
2025-03-30 12:40:14,423652052,-711366147,17.27
2025-03-30 12:40:15,423652050,-711366155,17.31
2025-03-30 12:40:16,423652049,-711366161,17.32
2025-03-30 12:40:17,423652050,-711366165,17.26
2025-03-30 12:40:18,423652054,-711366168,17.1
2025-03-30 12:40:19,423652055,-711366173,17.05
2025-03-30 12:40:20,423652055,-711366177,17.03
2025-03-30 12:40:21,423652054,-711366179,17.06
2025-03-30 12:40:22,423652052,-711366181,17.13
2025-03-30 12:40:23,423652047,-711366186,17.29
2025-03-30 12:40:24,423652040,-711366187,17.54
2025-03-30 12:40:25,423652040,-711366182,17.56
2025-03-30 12:40:26,423652041,-711366173,17.55
2025-03-30 12:40:27,423652048,-711366165,17.33
2025-03-30 12:40:28,423652056,-711366164,17.05
2025-03-30 12:40:29,423652055,-711366159,17.11
2025-03-30 12:40:30,423652056,-711366155,17.09
2025-03-30 12:40:31,423652056,-711366153,17.1
2025-03-30 12:40:32,423652056,-711366146,17.14
2025-03-30 12:40:33,423652058,-711366143,17.08
2025-03-30 12:40:34,423652057,-711366137,17.15
2025-03-30 12:40:35,423652056,-711366135,17.2
2025-03-30 12:40:36,423652058,-711366131,17.15
2025-03-30 12:40:37,423652061,-711366127,17.06
2025-03-30 12:40:38,423652063,-711366124,17.01
2025-03-30 12:40:39,423652066,-711366117,16.95
2025-03-30 12:40:40,423652067,-711366106,16.99
2025-03-30 12:40:41,423652080,-711366098,16.59
2025-03-30 12:40:42,423652082,-711366096,16.53
2025-03-30 12:40:43,423652083,-711366086,16.58
2025-03-30 12:40:44,423652099,-711366082,16.05
2025-03-30 12:40:45,423652106,-711366073,15.89
2025-03-30 12:40:46,423652127,-711366074,15.16
2025-03-30 12:40:47,423652133,-711366067,15.02
2025-03-30 12:40:48,423652146,-711366066,14.59
2025-03-30 12:40:49,423652155,-711366061,14.34
2025-03-30 12:40:51,423652160,-711366054,14.24
2025-03-30 12:40:52,423652163,-711366050,14.19
2025-03-30 12:40:53,423652169,-711366043,14.07
2025-03-30 12:40:54,423652175,-711366034,13.98
2025-03-30 12:40:55,423652184,-711366027,13.78
2025-03-30 12:40:56,423652193,-711366023,13.54
2025-03-30 12:40:56,423652196,-711366014,13.57
2025-03-30 12:40:58,423652205,-711366011,13.32
2025-03-30 12:40:59,423652211,-711366007,13.2
2025-03-30 12:41:00,423652218,-711366001,13.07
2025-03-30 12:41:01,423652227,-711365996,12.87
2025-03-30 12:41:02,423652232,-711365994,12.75
2025-03-30 12:41:03,423652237,-711365991,12.65
2025-03-30 12:41:04,423652242,-711365996,12.43
2025-03-30 12:41:05,423652253,-711365999,12.06
2025-03-30 12:41:06,423652262,-711365996,11.84
2025-03-30 12:41:07,423652267,-711365994,11.74
2025-03-30 12:41:08,423652270,-711365990,11.72
2025-03-30 12:41:09,423652273,-711365984,11.74
2025-03-30 12:41:10,423652274,-711365983,11.73
2025-03-30 12:41:11,423652274,-711365980,11.78
2025-03-30 12:41:12,423652277,-711365980,11.7
2025-03-30 12:41:13,423652278,-711365976,11.75
2025-03-30 12:41:13,423652281,-711365974,11.7
2025-03-30 12:41:15,423652284,-711365969,11.71
2025-03-30 12:41:15,423652290,-711365958,11.76
2025-03-30 12:41:16,423652297,-711365956,11.63
2025-03-30 12:41:18,423652294,-711365958,11.66
2025-03-30 12:41:19,423652293,-711365939,12.06
2025-03-30 12:41:20,423652303,-711365927,12.06
2025-03-30 12:41:21,423652304,-711365896,12.69
2025-03-30 12:41:22,423652292,-711365892,13.04
2025-03-30 12:41:23,423652287,-711365880,13.41
2025-03-30 12:41:24,423652289,-711365867,13.64
2025-03-30 12:41:25,423652288,-711365856,13.9
2025-03-30 12:41:26,423652288,-711365855,13.92
2025-03-30 12:41:27,423652287,-711365843,14.2
2025-03-30 12:41:28,423652286,-711365833,14.44
2025-03-30 12:41:29,423652281,-711365824,14.74
2025-03-30 12:41:30,423652281,-711365816,14.92
2025-03-30 12:41:31,423652279,-711365821,14.85
2025-03-30 12:41:32,423652266,-711365827,15.0
2025-03-30 12:41:33,423652260,-711365839,14.89
2025-03-30 12:41:34,423652262,-711365851,14.59
2025-03-30 12:41:35,423652261,-711365852,14.59
2025-03-30 12:41:36,423652263,-711365861,14.36
2025-03-30 12:41:37,423652264,-711365860,14.36
2025-03-30 12:41:38,423652265,-711365859,14.35
2025-03-30 12:41:39,423652272,-711365861,14.15
2025-03-30 12:41:40,423652274,-711365862,14.08
2025-03-30 12:41:41,423652275,-711365862,14.06
2025-03-30 12:41:42,423652277,-711365863,13.99
2025-03-30 12:41:43,423652278,-711365863,13.97
2025-03-30 12:41:44,423652282,-711365860,13.94
2025-03-30 12:41:45,423652289,-711365857,13.85
2025-03-30 12:41:46,423652288,-711365863,13.75
2025-03-30 12:41:47,423652289,-711365862,13.75
2025-03-30 12:41:48,423652289,-711365864,13.7
2025-03-30 12:41:49,423652286,-711365860,13.86
2025-03-30 12:41:50,423652295,-711365860,13.66
2025-03-30 12:41:51,423652296,-711365847,13.92
2025-03-30 12:41:52,423652301,-711365844,13.88
2025-03-30 12:41:53,423652302,-711365841,13.93
2025-03-30 12:41:54,423652300,-711365838,14.04
2025-03-30 12:41:55,423652300,-711365833,14.15
2025-03-30 12:41:56,423652304,-711365836,14.0
2025-03-30 12:41:57,423652306,-711365833,14.03
2025-03-30 12:41:58,423652314,-711365834,13.85
2025-03-30 12:41:59,423652319,-711365829,13.86
2025-03-30 12:42:00,423652330,-711365837,13.47
2025-03-30 12:42:01,423652327,-711365847,13.3
2025-03-30 12:42:02,423652313,-711365855,13.39
2025-03-30 12:42:03,423652306,-711365855,13.53
2025-03-30 12:42:04,423652304,-711365849,13.71
2025-03-30 12:42:05,423652301,-711365845,13.86
2025-03-30 12:42:06,423652286,-711365849,14.09
2025-03-30 12:42:07,423652278,-711365849,14.27
2025-03-30 12:42:08,423652277,-711365849,14.29
2025-03-30 12:42:09,423652271,-711365854,14.32
2025-03-30 12:42:10,423652257,-711365858,14.56
2025-03-30 12:42:11,423652243,-711365859,14.88
2025-03-30 12:42:12,423652232,-711365867,15.0
2025-03-30 12:42:13,423652226,-711365873,15.04
2025-03-30 12:42:14,423652223,-711365880,14.98
2025-03-30 12:42:15,423652222,-711365877,15.06
2025-03-30 12:42:16,423652220,-711365876,15.13
2025-03-30 12:42:17,423652214,-711365876,15.29
2025-03-30 12:42:18,423652215,-711365878,15.23
2025-03-30 12:42:19,423652217,-711365885,15.05
2025-03-30 12:42:20,423652209,-711365894,15.1
2025-03-30 12:42:21,423652203,-711365905,15.07
2025-03-30 12:42:22,423652199,-711365917,14.97
2025-03-30 12:42:23,423652194,-711365928,14.93
2025-03-30 12:42:24,423652190,-711365938,14.88
2025-03-30 12:42:25,423652192,-711365945,14.71
2025-03-30 12:42:26,423652193,-711365950,14.6
2025-03-30 12:42:27,423652195,-711365953,14.49
2025-03-30 12:42:28,423652198,-711365952,14.42
2025-03-30 12:42:29,423652198,-711365949,14.47
2025-03-30 12:42:30,423652202,-711365947,14.38
2025-03-30 12:42:31,423652203,-711365940,14.47
2025-03-30 12:42:32,423652208,-711365939,14.34
2025-03-30 12:42:33,423652211,-711365940,14.24
2025-03-30 12:42:34,423652212,-711365946,14.11
2025-03-30 12:42:35,423652211,-711365948,14.11
2025-03-30 12:42:36,423652213,-711365958,13.89
2025-03-30 12:42:37,423652210,-711365964,13.88
2025-03-30 12:42:38,423652205,-711365968,13.96
2025-03-30 12:42:39,423652206,-711365970,13.9
2025-03-30 12:42:40,423652205,-711365974,13.87
2025-03-30 12:42:41,423652203,-711365977,13.88
2025-03-30 12:42:42,423652199,-711365979,13.97
2025-03-30 12:42:43,423652194,-711365976,14.17
2025-03-30 12:42:44,423652188,-711365977,14.34
2025-03-30 12:42:45,423652184,-711365977,14.46
2025-03-30 12:42:46,423652182,-711365974,14.57
2025-03-30 12:42:47,423652186,-711365963,14.61
2025-03-30 12:42:48,423652194,-711365953,14.52
2025-03-30 12:42:49,423652200,-711365940,14.56
2025-03-30 12:42:50,423652206,-711365924,14.65
2025-03-30 12:42:51,423652213,-711365912,14.67
2025-03-30 12:42:52,423652219,-711365896,14.79
2025-03-30 12:42:53,423652227,-711365882,14.84
2025-03-30 12:42:53,423652233,-711365871,14.89
2025-03-30 12:42:55,423652236,-711365854,15.15
2025-03-30 12:42:56,423652238,-711365841,15.36
2025-03-30 12:42:57,423652238,-711365831,15.57
2025-03-30 12:42:58,423652240,-711365821,15.73
2025-03-30 12:42:59,423652243,-711365808,15.93
2025-03-30 12:43:00,423652251,-711365798,15.96
2025-03-30 12:43:01,423652255,-711365796,15.91
2025-03-30 12:43:02,423652260,-711365784,16.07
2025-03-30 12:43:03,423652265,-711365775,16.16
2025-03-30 12:43:04,423652272,-711365762,16.31
2025-03-30 12:43:05,423652284,-711365761,16.09
2025-03-30 12:43:06,423652285,-711365755,16.21
2025-03-30 12:43:07,423652290,-711365755,16.12
2025-03-30 12:43:08,423652294,-711365750,16.16
2025-03-30 12:43:09,423652298,-711365747,16.16
2025-03-30 12:43:10,423652299,-711365736,16.4
2025-03-30 12:43:11,423652304,-711365729,16.48
2025-03-30 12:43:12,423652307,-711365721,16.62
2025-03-30 12:43:13,423652309,-711365715,16.73
2025-03-30 12:43:14,423652311,-711365709,16.84
2025-03-30 12:43:15,423652311,-711365706,16.91
2025-03-30 12:43:16,423652309,-711365705,16.97
2025-03-30 12:43:17,423652308,-711365706,16.96
2025-03-30 12:43:18,423652305,-711365711,16.89
2025-03-30 12:43:19,423652304,-711365710,16.93
2025-03-30 12:43:20,423652307,-711365711,16.86
2025-03-30 12:43:21,423652306,-711365713,16.82
2025-03-30 12:43:22,423652305,-711365722,16.63
2025-03-30 12:43:23,423652309,-711365724,16.51
2025-03-30 12:43:24,423652313,-711365732,16.25
2025-03-30 12:43:25,423652319,-711365740,15.96
2025-03-30 12:43:26,423652320,-711365747,15.78
2025-03-30 12:43:27,423652322,-711365758,15.48
2025-03-30 12:43:28,423652321,-711365771,15.19
2025-03-30 12:43:29,423652320,-711365779,15.01
2025-03-30 12:43:30,423652321,-711365789,14.76
2025-03-30 12:43:31,423652319,-711365795,14.65
2025-03-30 12:43:32,423652321,-711365799,14.52
2025-03-30 12:43:33,423652321,-711365808,14.31
2025-03-30 12:43:34,423652321,-711365819,14.06
2025-03-30 12:43:35,423652311,-711365828,14.04
2025-03-30 12:43:36,423652307,-711365841,13.83
2025-03-30 12:43:37,423652296,-711365850,13.85
2025-03-30 12:43:38,423652290,-711365854,13.9
2025-03-30 12:43:39,423652283,-711365856,14.01
2025-03-30 12:43:40,423652272,-711365856,14.26
2025-03-30 12:43:41,423652262,-711365857,14.47
2025-03-30 12:43:42,423652254,-711365857,14.66
2025-03-30 12:43:43,423652246,-711365858,14.83
2025-03-30 12:43:44,423652239,-711365859,14.98
2025-03-30 12:43:45,423652237,-711365855,15.11
2025-03-30 12:43:46,423652239,-711365852,15.12
2025-03-30 12:43:47,423652240,-711365852,15.09
2025-03-30 12:43:48,423652234,-711365850,15.28
2025-03-30 12:43:49,423652232,-711365850,15.33
